o_zone_id,d_zone_id,volume
1,3,7
1,4,125
1,5,185
1,6,3
1,7,4
1,8,30
1,10,1
1,11,1
1,12,8
1,13,11
1,16,52
1,18,1
1,20,5
1,21,6
1,22,231
1,23,172
1,24,121
1,25,340
1,26,27
1,27,23
1,28,11
1,29,7
1,30,2
1,31,15
1,32,72
1,33,2
1,35,4
1,36,70
1,38,109
1,39,8
1,42,6
1,43,61
1,45,35
1,46,20
1,49,19
1,50,4
1,51,43
1,52,4
1,53,13
1,54,5
1,56,13
1,57,9
1,59,3
1,60,20
1,61,1
1,62,12
1,63,3
1,64,31
1,65,9
1,68,4
1,69,8
1,70,1
1,71,1
1,72,2
1,74,10
1,75,57
1,76,213
1,77,25
1,79,5
1,80,9
1,81,69
1,82,1
1,83,9
1,85,21
1,86,41
1,87,13
1,88,15
1,89,58
1,90,1
1,91,29
1,92,28
1,93,3
1,94,10
1,96,9
1,97,25
1,98,18
1,99,15
1,100,6
1,101,15
1,105,13
1,106,6
1,107,7
1,109,6
1,110,1
1,111,8
1,112,3
1,113,2
1,114,3
1,115,3
1,116,4
1,117,4
3,1,1
3,4,13
3,5,20
3,8,12
3,13,1
3,16,12
3,20,8
3,21,1
3,22,30
3,23,8
3,24,12
3,25,88
3,26,5
3,27,3
3,32,5
3,36,5
3,38,20
3,39,2
3,43,17
3,45,8
3,50,1
3,51,11
3,53,1
3,60,9
3,61,4
3,62,2
3,64,15
3,65,1
3,66,2
3,69,4
3,72,1
3,75,29
3,76,31
3,77,3
3,79,1
3,80,1
3,81,4
3,82,2
3,85,2
3,86,12
3,88,6
3,89,4
3,91,5
3,92,2
3,93,1
3,94,1
3,95,7
3,97,6
3,98,5
3,99,1
3,101,8
3,102,2
3,105,2
3,107,1
3,108,1
3,111,6
3,112,1
3,114,2
4,5,14
4,11,2
4,13,1
4,18,1
4,21,1
4,22,17
4,23,9
4,24,9
4,25,37
4,28,1
4,32,9
4,36,11
4,38,17
4,39,1
4,40,1
4,43,1
4,45,1
4,46,1
4,49,2
4,53,1
4,55,1
4,60,1
4,61,1
4,64,8
4,65,1
4,67,1
4,68,1
4,69,1
4,71,1
4,74,4
4,75,1
4,76,6
4,81,6
4,85,4
4,86,13
4,87,1
4,89,11
4,91,5
4,92,8
4,93,2
4,94,2
4,95,1
4,97,6
4,99,1
4,101,1
4,112,2
5,1,2
5,4,63
5,6,5
5,7,1
5,8,6
5,10,1
5,12,10
5,13,3
5,16,57
5,20,4
5,21,5
5,22,120
5,23,60
5,24,45
5,25,127
5,26,9
5,27,18
5,28,2
5,29,5
5,30,7
5,31,2
5,32,26
5,33,3
5,36,92
5,37,1
5,38,82
5,39,2
5,40,2
5,42,2
5,43,19
5,45,16
5,46,2
5,48,2
5,49,8
5,50,3
5,51,17
5,52,1
5,53,11
5,54,2
5,55,7
5,56,1
5,57,1
5,58,1
5,59,1
5,60,7
5,61,3
5,62,3
5,64,22
5,65,2
5,66,2
5,67,1
5,68,1
5,69,4
5,72,2
5,74,17
5,75,35
5,76,68
5,77,1
5,79,4
5,80,7
5,81,34
5,83,5
5,85,7
5,86,18
5,87,7
5,88,10
5,89,24
5,90,2
5,91,24
5,92,17
5,93,7
5,94,8
5,95,1
5,96,3
5,97,10
5,98,7
5,99,1
5,100,3
5,101,3
5,103,2
5,104,1
5,105,6
5,106,6
5,112,1
5,114,1
5,115,4
5,117,2
6,3,1
6,4,1
6,5,5
6,8,5
6,17,1
6,22,3
6,23,1
6,24,1
6,25,4
6,26,1
6,32,1
6,36,1
6,38,2
6,42,1
6,50,1
6,57,2
6,61,1
6,66,1
6,77,1
6,81,1
6,85,1
6,86,4
6,89,1
6,90,1
6,91,3
6,92,1
6,99,1
6,107,1
6,112,1
6,117,1
7,1,9
7,4,128
7,5,249
7,6,1
7,8,33
7,11,2
7,12,8
7,13,5
7,16,62
7,20,13
7,21,8
7,22,147
7,23,128
7,24,71
7,25,183
7,26,12
7,27,21
7,28,17
7,29,34
7,30,1
7,31,10
7,32,66
7,33,7
7,35,3
7,36,164
7,37,1
7,38,181
7,39,6
7,42,11
7,43,32
7,45,23
7,46,27
7,47,7
7,48,2
7,49,24
7,50,13
7,51,52
7,52,6
7,53,8
7,54,4
7,55,4
7,56,9
7,57,3
7,59,1
7,60,8
7,61,5
7,62,6
7,63,1
7,64,14
7,66,8
7,68,4
7,69,6
7,70,12
7,74,12
7,75,38
7,76,119
7,77,7
7,79,7
7,80,10
7,81,39
7,83,5
7,85,5
7,86,32
7,87,4
7,88,28
7,89,28
7,91,33
7,92,38
7,93,5
7,94,3
7,95,2
7,96,5
7,97,25
7,98,11
7,99,21
7,100,3
7,101,4
7,102,2
7,103,1
7,105,4
7,106,3
7,107,8
7,108,1
7,109,6
7,110,3
7,111,3
7,112,13
7,113,2
7,114,5
7,115,5
7,116,2
7,117,3
8,1,3
8,3,1
8,4,64
8,5,162
8,6,2
8,7,3
8,10,2
8,11,5
8,12,10
8,13,20
8,16,86
8,17,1
8,18,1
8,20,1
8,21,2
8,22,123
8,23,96
8,24,92
8,25,213
8,26,4
8,27,12
8,28,3
8,29,6
8,30,5
8,31,8
8,32,51
8,33,3
8,35,3
8,36,127
8,37,1
8,38,135
8,39,4
8,40,1
8,42,4
8,43,45
8,44,2
8,45,17
8,46,18
8,47,2
8,48,1
8,49,11
8,50,2
8,51,35
8,52,7
8,53,5
8,54,5
8,55,3
8,57,7
8,58,1
8,60,4
8,61,2
8,62,2
8,64,17
8,65,2
8,66,5
8,68,3
8,69,1
8,70,4
8,72,4
8,74,9
8,75,50
8,76,149
8,77,9
8,79,3
8,80,4
8,81,55
8,82,22
8,83,2
8,85,2
8,86,25
8,87,7
8,88,15
8,89,14
8,90,2
8,91,23
8,92,18
8,93,8
8,94,8
8,96,3
8,97,18
8,98,3
8,99,11
8,100,2
8,101,3
8,102,2
8,105,3
8,106,2
8,107,5
8,109,6
8,111,5
8,112,4
8,114,2
8,115,1
8,116,1
9,1,4
9,3,1
9,4,180
9,5,233
9,6,3
9,7,2
9,8,60
9,10,13
9,11,4
9,12,34
9,13,5
9,16,106
9,20,1
9,21,6
9,22,145
9,23,103
9,24,87
9,25,220
9,26,13
9,27,39
9,28,8
9,29,6
9,30,2
9,31,1
9,32,129
9,33,20
9,34,2
9,35,17
9,36,175
9,37,4
9,38,219
9,39,4
9,40,1
9,42,10
9,43,43
9,44,2
9,45,29
9,46,25
9,48,1
9,49,14
9,50,16
9,51,54
9,52,8
9,53,11
9,54,2
9,55,2
9,56,3
9,57,11
9,58,1
9,59,1
9,60,7
9,62,2
9,64,28
9,65,1
9,66,2
9,68,5
9,70,4
9,72,2
9,74,16
9,75,59
9,76,200
9,77,5
9,79,6
9,80,16
9,81,78
9,82,3
9,83,2
9,84,3
9,85,8
9,86,38
9,87,15
9,88,32
9,89,28
9,90,16
9,91,71
9,92,49
9,93,13
9,94,14
9,95,2
9,96,4
9,97,25
9,98,4
9,99,11
9,100,5
9,101,14
9,102,3
9,104,3
9,105,3
9,106,4
9,107,7
9,108,1
9,109,17
9,110,1
9,111,4
9,112,14
9,113,12
9,114,11
9,115,7
9,117,2
10,1,3
10,3,3
10,4,20
10,5,45
10,6,6
10,7,1
10,8,21
10,11,3
10,12,8
10,13,2
10,16,35
10,19,1
10,20,2
10,21,2
10,22,44
10,23,36
10,24,30
10,25,67
10,26,2
10,27,8
10,29,2
10,30,2
10,31,2
10,32,32
10,33,7
10,34,1
10,35,5
10,36,33
10,38,55
10,39,1
10,41,1
10,43,11
10,45,9
10,46,5
10,48,1
10,49,4
10,51,7
10,52,1
10,53,3
10,55,1
10,56,1
10,57,4
10,60,4
10,61,2
10,64,11
10,66,1
10,68,1
10,69,2
10,74,1
10,75,6
10,76,23
10,77,2
10,79,2
10,80,1
10,81,15
10,82,4
10,85,2
10,86,6
10,87,1
10,88,7
10,89,12
10,90,3
10,91,14
10,92,17
10,93,6
10,94,2
10,96,1
10,97,2
10,98,3
10,99,1
10,101,1
10,102,1
10,104,3
10,105,2
10,106,2
10,107,1
10,109,5
10,111,1
10,115,3
10,117,1
11,1,1
11,4,5
11,5,21
11,6,1
11,8,9
11,12,23
11,13,7
11,16,7
11,18,1
11,20,2
11,21,1
11,22,30
11,23,15
11,24,26
11,25,41
11,31,6
11,32,2
11,33,2
11,34,1
11,35,2
11,36,4
11,38,26
11,39,1
11,42,2
11,43,4
11,45,13
11,46,1
11,49,5
11,51,5
11,53,1
11,56,1
11,57,3
11,60,3
11,64,3
11,75,7
11,76,11
11,77,2
11,80,1
11,81,4
11,82,3
11,85,1
11,86,6
11,88,1
11,89,8
11,91,7
11,92,6
11,93,1
11,94,4
11,98,3
11,100,1
11,101,1
11,102,1
11,104,1
11,106,1
11,109,1
11,117,1
12,1,1
12,4,7
12,5,11
12,6,6
12,7,1
12,8,17
12,10,1
12,11,4
12,13,3
12,16,18
12,20,1
12,21,1
12,22,43
12,23,19
12,24,8
12,25,71
12,26,1
12,27,2
12,31,3
12,32,24
12,33,1
12,35,4
12,36,14
12,38,31
12,39,1
12,42,3
12,43,12
12,45,3
12,46,5
12,49,6
12,50,2
12,51,9
12,52,1
12,53,1
12,54,1
12,55,1
12,59,2
12,60,1
12,62,1
12,63,1
12,64,5
12,65,1
12,66,1
12,69,1
12,74,1
12,75,11
12,76,29
12,79,3
12,81,4
12,82,1
12,86,5
12,87,2
12,88,2
12,89,8
12,91,3
12,92,2
12,94,1
12,96,1
12,97,3
12,99,1
12,101,1
12,105,2
12,107,3
12,111,1
12,112,2
12,113,1
12,115,1
13,1,1
13,4,1
13,5,6
13,6,6
13,8,20
13,10,5
13,12,6
13,14,2
13,16,10
13,20,3
13,22,25
13,23,5
13,24,16
13,25,19
13,26,2
13,27,2
13,32,10
13,33,1
13,35,1
13,36,6
13,38,15
13,39,1
13,42,1
13,43,2
13,49,1
13,51,2
13,55,1
13,56,1
13,60,1
13,61,2
13,70,1
13,74,1
13,75,1
13,76,11
13,77,3
13,81,5
13,83,1
13,86,5
13,88,1
13,89,5
13,91,1
13,92,4
13,93,1
13,94,1
13,97,6
13,98,13
13,99,1
13,100,1
13,105,1
13,106,1
13,112,1
13,117,1
14,4,4
14,5,4
14,13,1
14,20,1
14,22,8
14,23,1
14,24,5
14,25,5
14,27,3
14,36,3
14,38,5
14,39,1
14,43,1
14,48,1
14,51,1
14,57,1
14,62,1
14,64,2
14,74,1
14,75,1
14,76,1
14,77,1
14,80,1
14,81,5
14,89,7
14,91,3
14,96,1
14,97,1
14,99,1
14,100,1
14,102,1
14,105,3
14,113,1
14,114,1
15,4,2
15,5,3
15,6,1
15,8,1
15,12,2
15,20,2
15,22,1
15,23,1
15,25,1
15,36,1
15,64,2
15,76,1
15,77,1
15,80,1
15,81,2
15,86,1
15,89,1
15,91,2
15,92,1
15,98,1
15,100,3
15,108,1
15,115,1
15,117,1
16,1,2
16,5,8
16,8,2
16,13,1
16,22,8
16,23,14
16,24,1
16,25,9
16,32,7
16,36,2
16,38,4
16,43,2
16,45,2
16,46,2
16,51,2
16,53,2
16,64,2
16,66,1
16,68,3
16,76,3
16,86,1
16,88,2
16,94,1
16,95,1
16,100,1
16,104,1
16,106,1
16,114,1
16,115,1
17,1,8
17,4,110
17,5,126
17,6,2
17,7,1
17,8,36
17,10,3
17,12,4
17,13,12
17,16,67
17,18,1
17,19,1
17,20,16
17,21,2
17,22,207
17,23,111
17,24,99
17,25,251
17,26,28
17,27,17
17,28,4
17,29,4
17,30,1
17,31,12
17,32,34
17,33,3
17,35,2
17,36,95
17,38,151
17,39,4
17,42,6
17,43,49
17,44,1
17,45,33
17,46,37
17,47,1
17,49,7
17,50,8
17,51,28
17,52,6
17,53,11
17,54,1
17,55,2
17,56,4
17,57,15
17,58,1
17,59,2
17,60,4
17,62,1
17,64,39
17,65,6
17,66,3
17,67,1
17,68,2
17,69,4
17,70,3
17,74,7
17,75,53
17,76,159
17,77,15
17,79,5
17,80,13
17,81,44
17,82,4
17,83,4
17,85,7
17,86,28
17,87,2
17,88,12
17,89,23
17,91,40
17,92,19
17,93,5
17,94,1
17,95,7
17,96,5
17,97,27
17,98,17
17,99,23
17,100,14
17,101,6
17,102,3
17,104,2
17,105,16
17,106,2
17,107,1
17,108,1
17,109,9
17,111,3
17,112,1
17,114,1
17,115,1
17,116,1
17,117,1
18,1,3
18,3,4
18,4,76
18,5,81
18,8,21
18,12,2
18,13,1
18,16,49
18,19,2
18,20,41
18,21,9
18,22,109
18,23,109
18,24,70
18,25,231
18,26,8
18,27,6
18,28,3
18,29,3
18,31,2
18,32,28
18,35,2
18,36,74
18,38,101
18,39,5
18,40,2
18,42,6
18,43,42
18,45,32
18,46,11
18,48,1
18,49,2
18,50,2
18,51,8
18,52,2
18,53,7
18,55,4
18,56,5
18,57,2
18,58,3
18,59,3
18,60,50
18,61,31
18,62,7
18,63,3
18,64,28
18,65,8
18,66,3
18,68,8
18,70,1
18,72,2
18,74,2
18,75,42
18,76,100
18,77,7
18,79,1
18,80,16
18,81,53
18,82,1
18,83,3
18,85,7
18,86,22
18,87,9
18,88,11
18,89,23
18,90,1
18,91,18
18,92,24
18,93,5
18,95,5
18,96,3
18,97,19
18,98,23
18,99,26
18,100,2
18,101,2
18,102,2
18,105,4
18,106,2
18,107,8
18,109,3
18,111,16
18,112,5
18,114,3
18,115,3
18,116,1
18,117,8
19,1,1
19,4,24
19,5,35
19,8,13
19,10,1
19,12,2
19,13,1
19,14,1
19,16,8
19,20,12
19,21,1
19,22,30
19,23,33
19,24,14
19,25,111
19,27,9
19,28,1
19,31,3
19,32,10
19,33,1
19,35,1
19,36,11
19,38,31
19,39,2
19,42,2
19,43,9
19,45,7
19,46,5
19,49,1
19,50,3
19,51,1
19,53,5
19,56,4
19,58,1
19,59,6
19,60,13
19,61,4
19,62,1
19,64,15
19,65,2
19,68,1
19,70,1
19,71,1
19,74,2
19,75,13
19,76,27
19,77,1
19,80,1
19,81,10
19,82,1
19,85,12
19,86,8
19,87,2
19,89,11
19,91,8
19,92,2
19,94,4
19,95,2
19,96,6
19,97,14
19,98,2
19,99,1
19,100,3
19,111,1
19,115,1
19,117,3
20,1,8
20,3,6
20,4,117
20,5,89
20,6,3
20,8,37
20,12,4
20,13,5
20,16,44
20,17,1
20,18,11
20,19,4
20,21,2
20,22,164
20,23,139
20,24,87
20,25,304
20,26,12
20,27,9
20,28,10
20,29,2
20,30,3
20,31,10
20,32,38
20,33,2
20,35,5
20,36,85
20,37,2
20,38,133
20,39,3
20,42,2
20,43,63
20,45,33
20,46,16
20,48,2
20,49,16
20,50,2
20,51,28
20,52,4
20,53,3
20,56,11
20,57,6
20,58,3
20,59,4
20,60,67
20,61,21
20,63,4
20,64,63
20,65,10
20,66,4
20,68,2
20,69,4
20,70,8
20,72,5
20,74,12
20,75,42
20,76,161
20,77,6
20,79,1
20,80,4
20,81,26
20,85,5
20,86,44
20,87,12
20,88,15
20,89,28
20,91,44
20,92,25
20,93,2
20,94,8
20,95,2
20,96,4
20,97,17
20,98,16
20,99,25
20,100,6
20,101,7
20,102,2
20,103,1
20,105,2
20,107,6
20,108,4
20,109,7
20,111,17
20,114,1
20,115,3
20,116,2
20,117,10
21,3,2
21,4,75
21,5,29
21,6,1
21,7,1
21,8,17
21,13,6
21,16,10
21,19,1
21,20,3
21,22,49
21,23,41
21,24,38
21,25,157
21,26,7
21,27,2
21,28,2
21,31,4
21,32,16
21,36,31
21,38,54
21,39,14
21,42,3
21,43,7
21,45,8
21,46,6
21,49,3
21,51,1
21,52,4
21,53,1
21,54,1
21,55,2
21,56,4
21,58,3
21,60,9
21,61,1
21,63,2
21,64,17
21,65,2
21,66,1
21,67,1
21,68,2
21,69,2
21,70,1
21,71,1
21,74,3
21,75,6
21,76,58
21,77,2
21,80,1
21,81,15
21,82,1
21,85,8
21,86,14
21,87,7
21,88,4
21,89,17
21,91,16
21,92,10
21,93,1
21,95,6
21,96,2
21,97,9
21,98,2
21,99,8
21,101,2
21,102,1
21,105,1
21,106,5
21,107,1
21,109,4
21,111,2
21,112,1
21,115,2
21,116,2
21,117,2
22,1,3
22,4,231
22,5,135
22,6,2
22,8,82
22,10,1
22,11,1
22,13,2
22,16,65
22,17,2
22,20,18
22,21,16
22,23,167
22,24,106
22,25,470
22,26,18
22,27,22
22,28,5
22,29,12
22,30,3
22,31,4
22,32,76
22,33,3
22,35,4
22,36,83
22,38,170
22,39,5
22,40,1
22,42,13
22,43,78
22,45,56
22,46,21
22,48,2
22,49,18
22,50,5
22,51,46
22,52,6
22,53,14
22,54,1
22,55,1
22,56,8
22,57,7
22,58,3
22,60,18
22,61,8
22,62,6
22,64,36
22,65,12
22,66,3
22,68,15
22,69,1
22,70,7
22,72,1
22,74,24
22,75,107
22,76,208
22,77,10
22,79,1
22,80,5
22,81,54
22,82,4
22,83,4
22,85,30
22,86,94
22,87,26
22,88,26
22,89,59
22,91,69
22,92,53
22,93,9
22,94,17
22,95,4
22,96,4
22,97,21
22,98,23
22,99,25
22,100,2
22,101,4
22,102,4
22,105,4
22,106,5
22,107,3
22,109,7
22,111,10
22,114,2
22,115,9
22,116,4
22,117,3
23,1,5
23,3,1
23,4,260
23,5,176
23,7,1
23,8,81
23,11,2
23,12,10
23,13,7
23,16,71
23,17,4
23,19,1
23,20,13
23,21,9
23,22,386
23,24,229
23,25,661
23,26,33
23,27,15
23,28,5
23,29,8
23,31,14
23,32,95
23,33,7
23,34,2
23,36,147
23,38,204
23,39,20
23,40,4
23,42,4
23,43,85
23,44,1
23,45,74
23,46,25
23,48,3
23,49,22
23,50,7
23,51,58
23,52,3
23,53,32
23,54,3
23,56,1
23,57,7
23,58,1
23,59,3
23,60,16
23,61,8
23,62,6
23,63,3
23,64,44
23,65,2
23,66,8
23,68,10
23,69,1
23,70,9
23,71,1
23,72,3
23,74,12
23,75,133
23,76,369
23,77,18
23,78,1
23,79,3
23,80,15
23,81,63
23,82,3
23,83,10
23,85,13
23,86,92
23,87,27
23,88,37
23,89,65
23,90,2
23,91,67
23,92,50
23,93,9
23,94,26
23,95,6
23,96,6
23,97,26
23,98,30
23,99,28
23,100,9
23,101,14
23,102,2
23,104,1
23,105,7
23,106,6
23,107,12
23,108,2
23,109,10
23,110,4
23,111,7
23,112,3
23,115,3
23,116,2
23,117,5
24,4,17
24,5,9
24,6,1
24,13,1
24,16,6
24,21,2
24,22,29
24,23,16
24,25,58
24,27,2
24,31,3
24,32,6
24,36,9
24,38,18
24,42,1
24,43,4
24,45,5
24,46,3
24,47,1
24,49,2
24,53,5
24,55,1
24,62,1
24,64,10
24,65,1
24,66,1
24,69,2
24,70,1
24,74,2
24,75,9
24,76,9
24,77,1
24,79,1
24,81,7
24,83,1
24,85,1
24,86,4
24,88,3
24,89,3
24,91,5
24,92,2
24,93,1
24,96,3
24,97,4
24,98,2
24,99,1
24,101,2
24,105,1
24,111,1
24,117,1
25,1,1
25,3,3
25,4,19
25,5,42
25,6,2
25,8,16
25,12,1
25,13,4
25,16,21
25,18,1
25,19,1
25,20,9
25,21,2
25,22,60
25,23,79
25,24,71
25,26,4
25,27,1
25,28,2
25,31,2
25,32,21
25,35,1
25,36,20
25,38,54
25,39,1
25,43,17
25,45,16
25,46,7
25,48,4
25,49,4
25,51,7
25,53,2
25,56,1
25,59,2
25,60,1
25,64,13
25,65,2
25,68,2
25,71,1
25,74,2
25,75,11
25,76,72
25,77,3
25,79,1
25,80,2
25,81,11
25,83,2
25,86,21
25,87,6
25,88,4
25,89,9
25,91,8
25,92,12
25,94,3
25,96,2
25,97,7
25,98,6
25,99,4
25,100,1
25,101,2
25,102,3
25,105,1
25,106,1
25,111,5
25,115,2
26,1,5
26,4,70
26,5,113
26,8,11
26,13,2
26,16,32
26,18,2
26,20,3
26,21,5
26,22,96
26,23,29
26,24,45
26,25,128
26,27,13
26,28,5
26,29,3
26,31,15
26,32,19
26,36,55
26,38,59
26,39,5
26,40,2
26,42,1
26,43,26
26,45,20
26,46,10
26,49,9
26,50,3
26,51,16
26,52,4
26,53,2
26,54,1
26,55,2
26,56,1
26,57,6
26,59,1
26,60,13
26,61,2
26,64,24
26,65,2
26,68,2
26,70,5
26,71,1
26,72,2
26,73,4
26,74,10
26,75,29
26,76,88
26,77,10
26,79,3
26,80,3
26,81,23
26,82,1
26,83,17
26,85,6
26,86,27
26,87,10
26,88,2
26,89,27
26,90,2
26,91,32
26,92,17
26,93,5
26,94,6
26,95,2
26,96,4
26,97,9
26,98,5
26,99,8
26,100,8
26,101,2
26,105,4
26,106,2
26,107,2
26,109,2
26,111,2
26,113,4
26,114,2
27,1,2
27,3,2
27,4,144
27,5,197
27,6,2
27,7,7
27,8,32
27,11,2
27,12,10
27,13,3
27,16,45
27,17,1
27,18,1
27,20,2
27,21,5
27,22,128
27,23,62
27,24,31
27,25,149
27,26,7
27,28,17
27,29,12
27,30,3
27,31,2
27,32,73
27,33,1
27,35,7
27,36,110
27,37,2
27,38,104
27,39,1
27,40,2
27,42,6
27,43,23
27,44,2
27,45,17
27,46,18
27,47,1
27,49,9
27,50,7
27,51,19
27,52,5
27,53,3
27,54,5
27,55,7
27,56,4
27,57,3
27,60,5
27,61,4
27,62,4
27,64,22
27,65,1
27,66,2
27,68,5
27,69,2
27,70,4
27,72,1
27,74,20
27,75,28
27,76,107
27,77,10
27,79,2
27,80,13
27,81,60
27,82,1
27,83,3
27,85,12
27,86,32
27,87,4
27,88,14
27,89,30
27,90,1
27,91,70
27,92,40
27,93,5
27,94,1
27,96,4
27,97,28
27,98,11
27,99,1
27,100,1
27,101,1
27,105,1
27,106,1
27,107,3
27,109,24
27,111,1
27,112,11
27,114,1
27,115,4
27,116,3
27,117,2
28,1,6
28,3,2
28,4,191
28,5,243
28,6,4
28,7,2
28,8,69
28,9,1
28,10,1
28,11,1
28,12,11
28,13,2
28,16,59
28,18,1
28,19,2
28,20,10
28,21,11
28,22,214
28,23,97
28,24,50
28,25,200
28,26,12
28,27,34
28,29,17
28,30,3
28,31,12
28,32,70
28,33,4
28,34,1
28,35,11
28,36,190
28,37,1
28,38,122
28,39,11
28,42,4
28,43,49
28,44,2
28,45,41
28,46,26
28,48,2
28,49,16
28,50,8
28,51,48
28,52,15
28,53,21
28,54,2
28,55,12
28,56,3
28,57,21
28,58,2
28,59,2
28,60,8
28,61,6
28,62,9
28,64,26
28,65,2
28,66,8
28,68,3
28,69,2
28,70,5
28,71,1
28,74,34
28,75,41
28,76,130
28,77,18
28,79,3
28,80,31
28,81,114
28,82,12
28,83,8
28,85,8
28,86,40
28,87,17
28,88,68
28,89,31
28,91,77
28,92,53
28,93,30
28,94,22
28,95,8
28,96,9
28,97,38
28,98,7
28,99,14
28,101,11
28,102,2
28,105,3
28,106,7
28,107,3
28,109,13
28,111,1
28,112,24
28,113,11
28,114,14
28,115,8
28,117,3
29,1,3
29,3,7
29,4,213
29,5,318
29,6,2
29,7,8
29,8,40
29,9,1
29,10,2
29,11,1
29,12,14
29,16,108
29,20,10
29,21,14
29,22,285
29,23,145
29,24,85
29,25,238
29,26,20
29,27,38
29,28,12
29,30,3
29,31,21
29,32,123
29,33,9
29,35,15
29,36,218
29,37,3
29,38,241
29,39,10
29,40,1
29,42,10
29,43,42
29,44,2
29,45,39
29,46,28
29,49,15
29,50,6
29,51,54
29,52,2
29,53,16
29,54,3
29,55,7
29,56,15
29,57,4
29,59,3
29,60,21
29,61,8
29,62,8
29,64,26
29,65,6
29,66,6
29,67,1
29,68,13
29,69,3
29,70,1
29,74,19
29,75,66
29,76,202
29,77,7
29,79,9
29,80,15
29,81,118
29,82,10
29,83,12
29,84,2
29,85,7
29,86,35
29,87,9
29,88,40
29,89,41
29,90,2
29,91,79
29,92,91
29,93,9
29,94,16
29,96,5
29,97,25
29,98,5
29,99,13
29,100,2
29,101,10
29,102,2
29,103,7
29,104,4
29,105,4
29,106,4
29,107,5
29,109,21
29,111,10
29,112,13
29,113,8
29,114,11
29,115,10
29,117,7
30,4,53
30,5,58
30,8,49
30,10,2
30,11,1
30,12,7
30,13,4
30,16,39
30,18,1
30,21,3
30,22,75
30,23,43
30,24,57
30,25,86
30,26,12
30,27,7
30,28,1
30,29,4
30,31,1
30,32,36
30,33,2
30,34,1
30,36,55
30,38,67
30,39,5
30,42,1
30,43,17
30,45,8
30,46,10
30,48,8
30,49,9
30,50,2
30,51,15
30,52,1
30,55,3
30,57,2
30,62,1
30,64,14
30,66,1
30,68,1
30,70,1
30,74,4
30,75,17
30,76,51
30,77,5
30,79,1
30,80,2
30,81,8
30,82,1
30,83,1
30,85,2
30,86,10
30,87,4
30,88,6
30,89,9
30,91,8
30,92,10
30,93,3
30,94,2
30,96,2
30,97,6
30,98,4
30,99,3
30,100,2
30,101,3
30,103,4
30,105,3
30,106,1
30,107,2
30,108,6
30,109,2
30,111,3
30,112,1
30,114,1
30,115,2
31,1,4
31,3,7
31,4,104
31,5,176
31,8,9
31,10,4
31,12,11
31,13,6
31,16,54
31,17,1
31,20,9
31,21,13
31,22,221
31,23,73
31,24,48
31,25,146
31,26,36
31,27,15
31,28,5
31,29,13
31,32,64
31,33,6
31,35,4
31,36,91
31,38,121
31,39,6
31,42,6
31,43,29
31,44,4
31,45,33
31,46,20
31,47,1
31,49,17
31,50,8
31,51,20
31,52,1
31,53,15
31,54,1
31,56,1
31,57,9
31,58,1
31,59,2
31,60,21
31,61,2
31,62,2
31,64,29
31,65,1
31,66,1
31,68,1
31,69,2
31,70,3
31,73,1
31,74,5
31,75,40
31,76,86
31,77,23
31,79,7
31,80,15
31,81,39
31,82,2
31,83,25
31,85,16
31,86,55
31,87,12
31,88,14
31,89,26
31,91,26
31,92,33
31,93,4
31,94,9
31,96,6
31,97,23
31,98,9
31,99,3
31,101,4
31,102,1
31,104,2
31,106,13
31,107,3
31,109,11
31,112,8
31,113,1
31,114,6
31,115,8
31,117,4
32,4,1
32,8,1
32,13,1
32,22,2
32,23,1
32,24,3
32,26,1
32,30,1
32,36,2
32,38,3
32,49,1
32,60,1
32,61,1
32,64,1
32,69,1
32,86,1
32,87,3
32,88,1
32,98,1
32,101,2
32,113,1
33,1,4
33,3,11
33,4,82
33,5,168
33,6,6
33,7,1
33,8,62
33,10,2
33,11,3
33,12,11
33,13,11
33,16,70
33,17,2
33,20,1
33,21,3
33,22,139
33,23,97
33,24,96
33,25,243
33,26,11
33,27,36
33,28,9
33,29,4
33,31,5
33,32,122
33,35,2
33,36,137
33,38,196
33,39,13
33,40,3
33,42,6
33,43,23
33,44,2
33,45,21
33,46,22
33,47,1
33,49,9
33,50,4
33,51,47
33,52,2
33,53,8
33,54,7
33,55,2
33,57,9
33,60,3
33,61,1
33,62,1
33,64,26
33,66,3
33,67,1
33,68,6
33,69,1
33,70,3
33,74,17
33,75,37
33,76,171
33,77,8
33,79,4
33,80,12
33,81,62
33,82,5
33,83,3
33,84,4
33,85,3
33,86,29
33,87,4
33,88,18
33,89,42
33,91,17
33,92,19
33,93,6
33,94,4
33,95,1
33,96,2
33,97,16
33,98,11
33,99,14
33,100,3
33,101,15
33,104,3
33,105,4
33,106,2
33,107,6
33,109,7
33,111,3
33,112,5
33,113,11
33,114,3
33,115,4
33,117,1
34,1,2
34,3,3
34,4,3
34,5,21
34,8,5
34,12,2
34,13,1
34,16,12
34,21,1
34,22,19
34,23,6
34,24,14
34,25,16
34,27,1
34,29,4
34,31,2
34,32,27
34,33,1
34,36,5
34,38,31
34,39,1
34,42,2
34,43,2
34,45,3
34,49,1
34,51,2
34,53,1
34,56,1
34,58,1
34,60,1
34,62,2
34,65,3
34,76,26
34,80,1
34,81,12
34,82,1
34,85,5
34,89,1
34,90,1
34,91,1
34,94,2
34,97,1
34,99,1
34,104,1
34,109,3
34,115,1
35,3,1
35,4,19
35,5,35
35,6,1
35,7,1
35,8,5
35,10,2
35,11,1
35,12,3
35,13,2
35,16,67
35,21,1
35,22,33
35,23,34
35,24,28
35,25,68
35,26,6
35,27,1
35,28,5
35,29,3
35,31,3
35,32,25
35,36,42
35,37,3
35,38,60
35,43,9
35,45,9
35,46,13
35,49,3
35,50,9
35,51,7
35,53,1
35,55,5
35,57,2
35,60,1
35,61,1
35,62,1
35,63,1
35,64,10
35,66,2
35,69,1
35,74,3
35,75,12
35,76,42
35,77,5
35,79,1
35,81,42
35,82,1
35,83,1
35,86,5
35,88,7
35,89,20
35,91,7
35,92,9
35,93,1
35,94,1
35,97,4
35,99,6
35,101,1
35,102,2
35,103,1
35,109,1
35,111,2
35,112,1
35,117,1
36,1,5
36,4,87
36,5,182
36,6,1
36,7,1
36,8,14
36,12,5
36,13,1
36,15,2
36,16,55
36,17,1
36,20,6
36,21,1
36,22,106
36,23,48
36,24,39
36,25,68
36,26,7
36,27,27
36,29,8
36,30,5
36,31,2
36,32,60
36,33,3
36,35,5
36,37,2
36,38,99
36,39,2
36,40,1
36,42,5
36,43,11
36,44,1
36,45,23
36,46,9
36,47,1
36,48,3
36,49,4
36,51,16
36,52,5
36,53,2
36,54,2
36,55,11
36,56,10
36,57,3
36,59,2
36,60,6
36,61,3
36,62,3
36,63,1
36,64,18
36,66,1
36,68,2
36,70,4
36,72,1
36,73,2
36,74,13
36,75,22
36,76,46
36,77,4
36,79,4
36,80,7
36,81,37
36,83,3
36,84,1
36,85,3
36,86,18
36,87,3
36,88,6
36,89,19
36,91,27
36,92,16
36,93,4
36,94,11
36,95,1
36,96,5
36,97,7
36,98,1
36,100,2
36,105,1
36,106,7
36,107,2
36,109,3
36,110,1
36,111,5
36,112,6
36,113,1
36,114,4
36,115,1
36,116,1
36,117,1
37,1,7
37,3,10
37,4,116
37,5,211
37,6,4
37,7,2
37,8,54
37,9,1
37,12,19
37,13,7
37,16,100
37,17,2
37,18,1
37,20,6
37,21,8
37,22,190
37,23,87
37,24,92
37,25,226
37,26,13
37,27,27
37,29,9
37,31,4
37,32,122
37,33,14
37,35,18
37,36,114
37,38,176
37,39,3
37,40,2
37,42,3
37,43,30
37,45,24
37,46,14
37,47,1
37,49,20
37,50,7
37,51,25
37,52,13
37,53,18
37,54,9
37,55,2
37,56,2
37,57,2
37,58,1
37,60,2
37,61,2
37,62,2
37,63,1
37,64,9
37,66,2
37,68,5
37,69,1
37,70,3
37,72,1
37,73,1
37,74,9
37,75,47
37,76,145
37,77,8
37,79,2
37,80,5
37,81,70
37,82,3
37,83,14
37,84,1
37,85,1
37,86,40
37,87,10
37,88,13
37,89,24
37,90,1
37,91,34
37,92,33
37,94,2
37,95,1
37,96,4
37,97,13
37,98,16
37,99,6
37,100,11
37,101,1
37,102,1
37,104,3
37,105,2
37,106,4
37,107,4
37,109,8
37,111,4
37,112,2
37,114,4
37,115,2
37,116,1
37,117,1
38,1,1
38,4,1
38,12,1
38,13,1
38,16,5
38,22,11
38,23,4
38,24,3
38,25,7
38,26,2
38,29,1
38,31,1
38,32,2
38,33,2
38,36,7
38,46,2
38,52,1
38,57,1
38,68,1
38,69,1
38,81,4
38,86,1
38,89,2
38,93,3
38,98,1
38,99,1
38,107,3
39,1,1
39,3,1
39,4,172
39,5,99
39,6,1
39,7,1
39,8,29
39,12,1
39,16,38
39,19,1
39,20,2
39,21,20
39,22,151
39,23,94
39,24,46
39,25,168
39,26,10
39,27,2
39,28,10
39,31,2
39,32,37
39,35,1
39,36,42
39,38,65
39,40,1
39,42,4
39,43,19
39,45,33
39,46,16
39,49,7
39,50,3
39,51,17
39,52,9
39,53,16
39,55,4
39,56,4
39,57,2
39,60,9
39,61,7
39,62,4
39,63,2
39,64,23
39,65,1
39,66,3
39,68,2
39,70,5
39,72,3
39,74,5
39,75,37
39,76,100
39,77,13
39,79,1
39,80,4
39,81,28
39,83,2
39,85,12
39,86,38
39,87,4
39,88,4
39,89,23
39,90,1
39,91,58
39,92,49
39,93,5
39,94,14
39,95,2
39,96,4
39,97,23
39,98,4
39,99,10
39,100,1
39,102,3
39,103,4
39,105,3
39,106,9
39,109,11
39,110,1
39,111,1
39,112,2
39,113,1
39,114,1
39,115,1
39,116,1
39,117,10
40,1,5
40,4,136
40,5,80
40,8,8
40,12,4
40,16,15
40,17,1
40,20,8
40,21,4
40,22,137
40,23,79
40,24,49
40,25,178
40,26,7
40,27,4
40,28,1
40,31,3
40,32,19
40,36,30
40,38,48
40,39,5
40,41,2
40,42,15
40,43,52
40,44,1
40,45,21
40,46,5
40,49,21
40,50,1
40,51,12
40,52,3
40,53,11
40,56,3
40,57,1
40,58,1
40,60,10
40,63,1
40,64,24
40,65,5
40,66,2
40,68,5
40,69,3
40,70,5
40,74,14
40,75,34
40,76,73
40,77,13
40,78,1
40,79,6
40,80,7
40,81,24
40,84,1
40,85,9
40,86,58
40,87,9
40,88,6
40,89,38
40,91,34
40,92,21
40,93,6
40,94,10
40,95,2
40,97,26
40,98,21
40,99,13
40,100,1
40,101,3
40,102,1
40,105,7
40,106,12
40,107,4
40,109,2
40,111,14
40,112,6
40,113,1
40,114,2
40,115,7
40,116,1
40,117,3
41,1,6
41,4,211
41,5,96
41,6,3
41,7,2
41,8,7
41,10,2
41,11,4
41,12,8
41,13,5
41,16,41
41,18,1
41,19,1
41,20,22
41,21,3
41,22,153
41,23,71
41,24,63
41,25,137
41,26,17
41,27,6
41,28,4
41,29,4
41,31,10
41,32,33
41,33,1
41,34,1
41,35,2
41,36,32
41,38,71
41,39,10
41,40,1
41,42,6
41,43,68
41,45,30
41,46,7
41,49,29
41,50,5
41,51,9
41,52,3
41,53,19
41,55,1
41,57,3
41,58,1
41,59,1
41,60,10
41,61,5
41,62,4
41,64,23
41,65,3
41,66,2
41,68,13
41,69,5
41,70,3
41,71,1
41,72,2
41,73,1
41,74,6
41,75,37
41,76,81
41,77,2
41,80,5
41,81,18
41,83,5
41,85,23
41,86,46
41,87,12
41,88,7
41,89,28
41,90,1
41,91,37
41,92,38
41,93,5
41,94,7
41,95,2
41,96,8
41,97,26
41,98,12
41,100,4
41,102,4
41,103,3
41,105,4
41,106,1
41,107,5
41,109,5
41,114,4
41,115,1
41,117,5
42,1,8
42,3,7
42,4,146
42,5,82
42,6,1
42,8,9
42,11,1
42,12,2
42,13,1
42,16,34
42,17,2
42,18,2
42,19,8
42,20,3
42,21,10
42,22,165
42,23,66
42,24,46
42,25,147
42,26,5
42,27,9
42,28,2
42,29,3
42,31,9
42,32,21
42,33,8
42,35,2
42,36,49
42,38,71
42,39,6
42,40,2
42,43,58
42,44,2
42,45,17
42,46,9
42,47,2
42,49,28
42,50,3
42,51,20
42,52,6
42,53,8
42,56,5
42,58,2
42,59,1
42,60,13
42,61,2
42,62,1
42,63,1
42,64,42
42,66,4
42,68,7
42,69,1
42,70,2
42,72,2
42,74,6
42,75,39
42,76,81
42,77,7
42,80,5
42,81,27
42,83,4
42,85,12
42,86,47
42,87,11
42,88,11
42,89,21
42,91,57
42,92,30
42,94,9
42,96,4
42,97,22
42,98,9
42,99,7
42,100,3
42,101,5
42,102,1
42,103,2
42,104,2
42,105,1
42,106,10
42,107,6
42,109,4
42,111,1
42,112,8
42,114,1
42,117,5
43,1,5
43,3,1
43,4,139
43,5,112
43,6,5
43,7,2
43,8,12
43,10,1
43,11,1
43,12,2
43,13,3
43,16,47
43,17,2
43,18,6
43,20,12
43,21,10
43,22,186
43,23,89
43,24,76
43,25,196
43,26,14
43,27,15
43,28,9
43,29,2
43,31,6
43,32,46
43,33,9
43,36,81
43,37,2
43,38,89
43,39,11
43,42,11
43,44,3
43,45,41
43,46,7
43,49,18
43,50,2
43,51,21
43,52,5
43,53,21
43,54,7
43,56,4
43,57,9
43,59,5
43,60,8
43,61,2
43,62,6
43,64,25
43,65,4
43,66,2
43,67,2
43,68,7
43,69,1
43,70,1
43,74,12
43,75,57
43,76,78
43,77,12
43,79,3
43,80,8
43,81,27
43,82,1
43,83,7
43,85,15
43,86,67
43,87,7
43,88,12
43,89,33
43,91,42
43,92,46
43,93,9
43,94,15
43,95,1
43,96,6
43,97,41
43,98,14
43,99,8
43,100,4
43,102,4
43,103,1
43,104,1
43,105,3
43,106,5
43,107,9
43,108,1
43,109,2
43,111,2
43,112,1
43,114,3
43,115,9
43,116,1
43,117,3
44,1,17
44,3,3
44,4,189
44,5,182
44,6,1
44,8,38
44,11,2
44,12,3
44,13,2
44,16,58
44,17,2
44,18,1
44,19,2
44,20,13
44,21,4
44,22,313
44,23,142
44,24,102
44,25,348
44,26,27
44,27,19
44,28,5
44,29,11
44,31,9
44,32,64
44,33,6
44,34,3
44,35,3
44,36,86
44,37,1
44,38,117
44,39,8
44,42,5
44,43,65
44,45,48
44,46,12
44,47,1
44,49,31
44,50,9
44,51,35
44,52,5
44,53,19
44,54,5
44,55,3
44,56,1
44,57,5
44,58,2
44,60,17
44,61,9
44,62,3
44,63,1
44,64,65
44,65,5
44,66,3
44,68,18
44,69,9
44,70,4
44,71,1
44,72,2
44,73,1
44,74,20
44,75,78
44,76,147
44,77,18
44,79,4
44,80,7
44,81,51
44,83,11
44,85,16
44,86,65
44,87,6
44,88,27
44,89,39
44,90,1
44,91,70
44,92,46
44,93,10
44,94,23
44,95,6
44,96,12
44,97,21
44,98,18
44,99,25
44,100,9
44,101,11
44,102,1
44,105,4
44,106,4
44,107,12
44,109,19
44,110,4
44,111,1
44,112,12
44,113,2
44,114,2
44,115,4
44,116,2
44,117,3
45,1,1
45,3,1
45,4,141
45,5,102
45,6,1
45,8,23
45,11,2
45,12,5
45,13,2
45,16,25
45,17,2
45,18,1
45,20,5
45,21,5
45,22,187
45,23,87
45,24,70
45,25,182
45,26,12
45,27,20
45,28,12
45,29,4
45,31,6
45,32,39
45,33,4
45,35,4
45,36,40
45,38,69
45,39,9
45,42,3
45,43,53
45,44,1
45,46,10
45,48,1
45,49,20
45,50,4
45,51,12
45,52,10
45,53,6
45,56,1
45,57,5
45,60,8
45,61,1
45,62,2
45,64,37
45,65,2
45,68,1
45,70,8
45,72,2
45,74,6
45,75,51
45,76,149
45,77,13
45,79,2
45,80,3
45,81,38
45,83,11
45,85,12
45,86,42
45,87,6
45,88,34
45,89,71
45,91,17
45,92,36
45,93,5
45,94,46
45,95,5
45,97,23
45,98,7
45,99,10
45,101,6
45,102,2
45,105,6
45,106,3
45,107,10
45,109,2
45,111,7
45,112,14
45,116,3
45,117,5
46,1,17
46,4,220
46,5,250
46,6,3
46,7,4
46,8,46
46,10,2
46,11,8
46,12,16
46,13,19
46,16,86
46,17,3
46,20,18
46,21,10
46,22,233
46,23,115
46,24,137
46,25,257
46,26,31
46,27,33
46,28,25
46,29,27
46,30,3
46,31,11
46,32,59
46,33,3
46,35,8
46,36,193
46,37,10
46,38,167
46,39,4
46,40,2
46,42,4
46,43,55
46,45,51
46,47,1
46,48,3
46,49,9
46,50,9
46,51,79
46,52,14
46,53,12
46,54,5
46,55,8
46,56,4
46,57,11
46,58,2
46,59,5
46,60,13
46,61,7
46,62,8
46,63,3
46,64,42
46,65,8
46,66,10
46,68,4
46,69,1
46,70,3
46,71,1
46,72,1
46,74,13
46,75,74
46,76,183
46,77,9
46,79,5
46,80,23
46,81,69
46,82,5
46,83,22
46,85,10
46,86,50
46,87,15
46,88,27
46,89,41
46,90,2
46,91,74
46,92,47
46,93,18
46,94,7
46,95,1
46,96,14
46,97,25
46,98,11
46,99,7
46,100,12
46,101,12
46,102,1
46,104,1
46,105,6
46,106,17
46,107,6
46,109,18
46,111,5
46,112,21
46,113,4
46,114,2
46,115,9
46,117,2
47,1,3
47,3,1
47,4,96
47,5,111
47,6,2
47,7,1
47,8,26
47,12,19
47,13,4
47,16,50
47,18,1
47,20,4
47,21,7
47,22,84
47,23,63
47,24,34
47,25,96
47,26,11
47,27,17
47,28,6
47,29,5
47,31,8
47,32,38
47,33,6
47,35,3
47,36,82
47,37,2
47,38,62
47,42,6
47,43,30
47,44,1
47,45,13
47,46,16
47,48,1
47,49,6
47,50,4
47,51,16
47,52,5
47,53,4
47,54,6
47,55,3
47,56,1
47,57,2
47,60,5
47,61,9
47,62,1
47,64,19
47,65,2
47,66,8
47,67,1
47,68,3
47,69,3
47,70,2
47,74,7
47,75,18
47,76,84
47,77,10
47,79,6
47,80,5
47,81,26
47,83,2
47,85,7
47,86,31
47,87,6
47,88,10
47,89,16
47,90,3
47,91,49
47,92,18
47,93,4
47,94,9
47,96,1
47,97,7
47,101,3
47,102,1
47,105,1
47,106,4
47,107,2
47,109,6
47,110,1
47,112,7
47,114,11
48,1,6
48,3,6
48,4,213
48,5,334
48,6,4
48,7,2
48,8,50
48,9,1
48,10,3
48,11,1
48,12,13
48,13,5
48,16,106
48,18,2
48,19,2
48,20,7
48,21,15
48,22,224
48,23,118
48,24,106
48,25,251
48,26,18
48,27,35
48,28,16
48,29,12
48,31,8
48,32,90
48,33,7
48,35,9
48,36,224
48,37,2
48,38,208
48,39,12
48,40,3
48,41,2
48,42,4
48,43,42
48,45,43
48,46,38
48,49,12
48,50,10
48,51,61
48,52,13
48,53,10
48,54,10
48,55,8
48,56,1
48,57,9
48,60,13
48,61,6
48,62,25
48,64,24
48,65,4
48,66,9
48,67,1
48,68,5
48,70,10
48,73,2
48,74,27
48,75,55
48,76,166
48,77,20
48,79,13
48,80,8
48,81,83
48,82,5
48,83,5
48,84,1
48,85,2
48,86,70
48,87,12
48,88,43
48,89,38
48,91,88
48,92,59
48,93,15
48,94,10
48,95,8
48,96,5
48,97,38
48,98,24
48,99,11
48,100,5
48,101,9
48,102,1
48,103,1
48,104,3
48,105,7
48,106,7
48,107,5
48,108,1
48,109,25
48,110,1
48,111,8
48,112,12
48,113,6
48,114,8
48,115,10
48,116,2
48,117,6
49,1,4
49,3,8
49,4,218
49,5,114
49,6,6
49,8,23
49,10,2
49,12,5
49,13,2
49,16,32
49,17,1
49,20,12
49,21,5
49,22,228
49,23,75
49,24,59
49,25,183
49,26,8
49,27,9
49,28,3
49,29,1
49,31,2
49,32,47
49,33,5
49,34,1
49,35,5
49,36,66
49,38,78
49,39,5
49,42,5
49,43,59
49,44,2
49,45,30
49,46,8
49,47,2
49,50,1
49,51,13
49,52,11
49,53,25
49,56,6
49,57,3
49,60,6
49,61,4
49,62,2
49,64,36
49,65,3
49,66,3
49,68,6
49,69,1
49,70,1
49,71,1
49,72,2
49,73,1
49,74,11
49,75,51
49,76,90
49,77,11
49,79,1
49,80,5
49,81,31
49,82,1
49,83,1
49,84,1
49,85,21
49,86,71
49,87,12
49,88,9
49,89,58
49,91,46
49,92,30
49,93,15
49,94,9
49,96,9
49,97,17
49,98,15
49,99,9
49,100,5
49,101,2
49,102,4
49,104,3
49,105,5
49,106,1
49,107,11
49,111,1
49,113,2
49,115,6
49,117,1
50,1,3
50,3,1
50,4,91
50,5,112
50,8,21
50,12,1
50,13,3
50,16,29
50,18,2
50,20,4
50,22,129
50,23,71
50,24,40
50,25,126
50,26,33
50,27,21
50,28,3
50,29,5
50,31,4
50,32,43
50,33,1
50,35,4
50,36,50
50,38,57
50,39,15
50,42,4
50,43,24
50,44,2
50,45,37
50,46,18
50,48,1
50,49,20
50,51,45
50,52,4
50,53,4
50,54,3
50,56,2
50,57,7
50,58,1
50,59,1
50,60,20
50,61,3
50,62,4
50,64,19
50,65,2
50,68,1
50,70,6
50,74,4
50,75,28
50,76,66
50,77,7
50,79,16
50,80,15
50,81,28
50,82,2
50,83,4
50,84,2
50,85,11
50,86,40
50,87,7
50,88,21
50,89,20
50,91,17
50,92,20
50,93,4
50,94,8
50,95,1
50,96,5
50,97,33
50,98,8
50,99,8
50,100,1
50,101,8
50,104,1
50,105,4
50,106,3
50,107,5
50,109,8
50,110,1
50,111,4
50,113,6
50,114,3
50,115,1
50,117,2
51,1,19
51,4,111
51,5,137
51,6,1
51,7,4
51,8,15
51,10,6
51,11,3
51,12,2
51,16,59
51,18,1
51,20,5
51,22,166
51,23,68
51,24,71
51,25,182
51,26,15
51,27,11
51,28,6
51,29,5
51,30,6
51,31,9
51,32,42
51,33,4
51,35,1
51,36,68
51,38,95
51,39,9
51,40,3
51,42,1
51,43,37
51,45,23
51,46,17
51,48,1
51,49,14
51,50,5
51,52,4
51,53,5
51,55,2
51,56,1
51,57,5
51,59,1
51,60,6
51,61,2
51,62,6
51,64,30
51,65,2
51,66,4
51,68,7
51,69,8
51,70,5
51,73,6
51,74,10
51,75,48
51,76,114
51,77,9
51,79,4
51,80,1
51,81,44
51,82,2
51,83,5
51,85,6
51,86,42
51,87,8
51,88,13
51,89,33
51,90,1
51,91,32
51,92,34
51,93,5
51,94,16
51,95,3
51,96,3
51,97,18
51,98,4
51,99,4
51,101,10
51,102,1
51,105,6
51,106,3
51,107,6
51,108,2
51,109,4
51,110,1
51,111,1
51,112,7
51,114,6
51,115,1
51,116,1
51,117,3
52,1,1
52,4,197
52,5,61
52,8,15
52,10,1
52,12,1
52,13,4
52,16,16
52,18,1
52,20,6
52,21,6
52,22,132
52,23,86
52,24,42
52,25,132
52,26,5
52,27,3
52,28,1
52,31,2
52,32,35
52,33,4
52,36,33
52,38,67
52,39,5
52,40,5
52,42,4
52,43,32
52,44,1
52,45,30
52,49,15
52,50,2
52,51,9
52,53,16
52,59,1
52,60,6
52,62,4
52,64,19
52,66,5
52,68,4
52,69,1
52,70,2
52,71,2
52,72,1
52,74,21
52,75,21
52,76,27
52,77,1
52,80,4
52,81,15
52,83,2
52,84,2
52,85,12
52,86,89
52,87,16
52,88,8
52,89,23
52,91,91
52,92,57
52,93,7
52,94,7
52,95,8
52,96,4
52,97,10
52,98,14
52,99,5
52,101,2
52,102,6
52,104,2
52,105,1
52,106,2
52,107,9
52,108,1
52,109,9
52,111,2
52,112,3
52,115,10
52,117,4
53,1,2
53,3,3
53,4,163
53,5,106
53,7,1
53,8,19
53,12,2
53,13,6
53,16,32
53,18,3
53,20,14
53,21,13
53,22,160
53,23,73
53,24,77
53,25,148
53,26,10
53,27,10
53,28,1
53,29,5
53,31,2
53,32,25
53,33,1
53,35,3
53,36,58
53,38,71
53,39,24
53,40,3
53,42,1
53,43,26
53,44,6
53,45,34
53,46,14
53,49,13
53,50,3
53,51,8
53,52,10
53,54,2
53,56,4
53,58,1
53,60,14
53,61,1
53,62,2
53,63,2
53,64,39
53,65,1
53,68,6
53,69,1
53,70,1
53,71,3
53,73,1
53,74,11
53,75,42
53,76,91
53,77,8
53,79,5
53,80,3
53,81,31
53,82,2
53,83,1
53,84,1
53,85,8
53,86,71
53,87,20
53,88,17
53,89,38
53,91,66
53,92,60
53,93,13
53,94,4
53,96,1
53,97,40
53,98,9
53,99,2
53,100,2
53,101,8
53,102,4
53,103,1
53,104,3
53,105,5
53,106,11
53,107,7
53,109,6
53,111,4
53,112,1
53,115,9
53,116,3
53,117,1
54,1,6
54,4,124
54,5,143
54,6,8
54,7,3
54,8,29
54,11,2
54,12,4
54,13,9
54,16,60
54,17,1
54,18,4
54,20,15
54,21,9
54,22,238
54,23,145
54,24,105
54,25,359
54,26,15
54,27,20
54,28,9
54,29,3
54,30,2
54,31,3
54,32,49
54,33,4
54,34,1
54,35,5
54,36,86
54,38,103
54,39,5
54,42,8
54,43,54
54,44,2
54,45,55
54,46,24
54,49,11
54,50,8
54,51,18
54,52,3
54,53,11
54,56,5
54,57,6
54,58,1
54,59,3
54,60,17
54,61,1
54,62,7
54,63,2
54,64,33
54,65,11
54,66,1
54,68,12
54,69,3
54,70,5
54,74,5
54,75,86
54,76,218
54,77,13
54,79,9
54,80,10
54,81,41
54,82,2
54,83,5
54,85,25
54,86,48
54,87,8
54,88,29
54,89,49
54,90,1
54,91,36
54,92,51
54,93,6
54,94,12
54,95,1
54,96,4
54,97,39
54,98,14
54,99,18
54,100,5
54,101,5
54,104,1
54,105,10
54,106,3
54,107,11
54,108,2
54,109,22
54,110,2
54,111,3
54,112,6
54,115,11
54,117,12
55,3,1
55,4,119
55,5,168
55,6,1
55,7,3
55,8,34
55,10,3
55,11,1
55,12,5
55,16,55
55,20,6
55,21,11
55,22,140
55,23,56
55,24,53
55,25,139
55,26,6
55,27,23
55,28,14
55,29,18
55,31,6
55,32,44
55,33,3
55,35,4
55,36,125
55,38,112
55,39,1
55,40,1
55,42,4
55,43,37
55,44,2
55,45,36
55,46,27
55,48,1
55,49,6
55,50,6
55,51,36
55,52,5
55,53,3
55,54,3
55,57,5
55,60,10
55,61,8
55,62,3
55,64,19
55,65,3
55,67,1
55,69,8
55,70,4
55,74,11
55,75,37
55,76,120
55,77,16
55,79,5
55,80,24
55,81,50
55,82,3
55,83,7
55,85,8
55,86,26
55,87,16
55,88,23
55,89,28
55,90,4
55,91,48
55,92,50
55,93,9
55,94,9
55,95,2
55,96,4
55,97,27
55,98,8
55,99,7
55,100,2
55,101,4
55,102,2
55,105,2
55,106,3
55,107,4
55,109,6
55,111,6
55,112,9
55,113,6
55,114,1
55,115,3
55,117,1
56,1,11
56,3,2
56,4,103
56,5,106
56,6,3
56,7,6
56,8,38
56,11,1
56,12,2
56,13,1
56,16,55
56,18,9
56,20,32
56,21,16
56,22,122
56,23,132
56,24,78
56,25,273
56,26,20
56,27,8
56,28,3
56,29,4
56,31,1
56,32,33
56,35,3
56,36,76
56,38,141
56,39,9
56,40,2
56,42,3
56,43,48
56,45,39
56,46,17
56,49,8
56,50,4
56,51,22
56,52,9
56,53,9
56,54,2
56,57,2
56,58,4
56,59,4
56,60,35
56,61,18
56,62,15
56,63,5
56,64,59
56,65,7
56,66,2
56,68,2
56,69,2
56,70,1
56,71,1
56,73,1
56,74,7
56,75,38
56,76,167
56,77,14
56,79,7
56,80,12
56,81,53
56,82,5
56,83,2
56,85,10
56,86,30
56,87,5
56,88,21
56,89,57
56,91,33
56,92,28
56,93,2
56,94,2
56,95,10
56,96,14
56,97,35
56,98,26
56,99,50
56,100,4
56,101,4
56,102,3
56,105,10
56,106,4
56,107,5
56,108,3
56,109,4
56,111,21
56,114,4
56,115,1
56,116,7
56,117,10
57,1,5
57,3,1
57,4,86
57,5,94
57,6,1
57,8,26
57,9,1
57,10,6
57,11,2
57,12,5
57,13,3
57,16,46
57,17,1
57,18,2
57,20,12
57,21,8
57,22,143
57,23,122
57,24,86
57,25,386
57,26,21
57,27,9
57,28,1
57,29,4
57,31,4
57,32,38
57,33,4
57,34,3
57,35,4
57,36,96
57,38,131
57,39,3
57,41,1
57,42,3
57,43,46
57,44,5
57,45,46
57,46,19
57,48,3
57,49,7
57,50,7
57,51,44
57,52,4
57,53,6
57,54,4
57,56,3
57,58,3
57,59,2
57,60,10
57,61,7
57,62,3
57,63,4
57,64,29
57,65,1
57,67,1
57,68,3
57,69,1
57,70,14
57,71,1
57,72,1
57,74,4
57,75,31
57,76,184
57,77,11
57,80,7
57,81,32
57,82,2
57,83,4
57,84,1
57,85,10
57,86,24
57,87,8
57,88,19
57,89,42
57,90,1
57,91,9
57,92,33
57,94,6
57,95,1
57,96,7
57,97,19
57,98,10
57,99,33
57,100,3
57,101,22
57,102,3
57,105,6
57,106,2
57,107,4
57,108,4
57,109,2
57,110,1
57,111,9
57,112,6
57,113,2
57,114,5
57,115,8
57,116,1
57,117,6
58,1,4
58,3,6
58,4,123
58,5,88
58,7,4
58,8,31
58,13,3
58,16,32
58,18,6
58,19,1
58,20,33
58,21,6
58,22,123
58,23,104
58,24,101
58,25,259
58,26,9
58,27,11
58,28,4
58,29,6
58,31,1
58,32,27
58,33,3
58,35,1
58,36,95
58,38,121
58,40,1
58,42,3
58,43,26
58,45,27
58,46,11
58,49,3
58,50,2
58,51,27
58,53,10
58,54,2
58,56,13
58,57,9
58,59,2
58,60,48
58,61,8
58,62,18
58,64,35
58,65,4
58,67,1
58,68,6
58,70,14
58,74,10
58,75,42
58,76,111
58,77,5
58,79,1
58,80,7
58,81,48
58,85,5
58,86,19
58,87,3
58,88,18
58,89,26
58,91,21
58,92,22
58,93,4
58,94,3
58,95,4
58,96,7
58,97,24
58,98,21
58,99,20
58,100,1
58,101,8
58,102,3
58,103,1
58,105,5
58,106,2
58,107,11
58,108,1
58,109,3
58,110,4
58,111,18
58,112,3
58,113,1
58,114,3
58,115,3
58,116,2
58,117,15
59,1,2
59,3,3
59,4,42
59,5,59
59,6,1
59,8,21
59,10,2
59,12,2
59,13,3
59,15,2
59,16,17
59,18,4
59,19,1
59,20,32
59,21,6
59,22,79
59,23,68
59,24,54
59,25,151
59,26,10
59,27,2
59,29,1
59,31,3
59,32,22
59,33,2
59,36,37
59,38,66
59,39,8
59,42,4
59,43,18
59,44,1
59,45,18
59,46,7
59,48,2
59,49,3
59,50,2
59,51,10
59,52,1
59,53,10
59,54,2
59,56,19
59,57,8
59,58,2
59,60,33
59,61,8
59,62,2
59,63,4
59,64,34
59,65,2
59,68,1
59,69,1
59,70,3
59,72,1
59,74,2
59,75,22
59,76,101
59,77,4
59,79,2
59,80,1
59,81,24
59,83,3
59,85,3
59,86,21
59,87,1
59,88,8
59,89,21
59,91,16
59,92,13
59,93,2
59,94,1
59,95,3
59,96,10
59,97,24
59,98,3
59,99,14
59,100,1
59,101,1
59,102,3
59,105,4
59,106,1
59,107,4
59,108,1
59,109,2
59,111,10
59,114,1
59,116,1
59,117,7
60,3,6
60,4,52
60,5,61
60,8,9
60,16,17
60,20,34
60,21,4
60,22,76
60,23,85
60,24,59
60,25,204
60,26,9
60,27,8
60,28,5
60,29,3
60,30,1
60,31,4
60,32,41
60,33,2
60,34,2
60,36,36
60,38,59
60,39,6
60,43,26
60,45,9
60,46,8
60,49,3
60,50,2
60,51,11
60,52,2
60,53,6
60,56,12
60,57,3
60,58,1
60,59,2
60,61,13
60,62,3
60,63,1
60,64,34
60,65,5
60,66,3
60,67,1
60,68,2
60,70,3
60,72,1
60,74,4
60,75,28
60,76,88
60,77,6
60,79,2
60,81,15
60,82,2
60,83,1
60,85,2
60,86,16
60,87,1
60,88,8
60,89,17
60,91,7
60,92,5
60,93,8
60,94,3
60,97,3
60,98,3
60,99,46
60,101,1
60,102,1
60,103,1
60,105,7
60,106,2
60,109,2
60,110,1
60,111,6
60,112,3
60,116,1
61,1,12
61,3,3
61,4,126
61,5,118
61,6,5
61,8,65
61,11,6
61,12,5
61,13,10
61,16,61
61,17,4
61,18,12
61,20,61
61,21,22
61,22,257
61,23,151
61,24,114
61,25,401
61,26,12
61,27,17
61,28,1
61,29,3
61,30,2
61,31,2
61,32,64
61,33,9
61,35,3
61,36,101
61,38,186
61,39,10
61,42,4
61,43,90
61,44,2
61,45,38
61,46,11
61,48,1
61,49,6
61,50,4
61,51,35
61,52,7
61,53,10
61,54,1
61,55,1
61,56,21
61,57,6
61,58,12
61,59,7
61,60,98
61,62,10
61,63,2
61,64,95
61,65,8
61,66,8
61,68,5
61,69,1
61,70,7
61,72,3
61,73,2
61,74,11
61,75,70
61,76,238
61,77,14
61,80,6
61,81,50
61,83,3
61,84,4
61,85,16
61,86,57
61,87,16
61,88,18
61,89,51
61,91,47
61,92,39
61,93,9
61,94,11
61,95,13
61,96,15
61,97,37
61,98,12
61,99,33
61,100,3
61,101,8
61,102,1
61,104,1
61,105,12
61,106,4
61,107,1
61,108,1
61,109,7
61,111,9
61,112,1
61,114,2
61,115,2
61,116,8
61,117,26
62,1,2
62,4,57
62,5,63
62,6,1
62,7,1
62,8,21
62,10,1
62,13,3
62,16,28
62,20,4
62,21,2
62,22,71
62,23,60
62,24,56
62,25,122
62,26,4
62,27,1
62,28,2
62,31,13
62,32,19
62,33,1
62,36,34
62,38,42
62,39,6
62,40,1
62,42,4
62,43,23
62,45,20
62,46,5
62,49,4
62,50,1
62,51,14
62,52,3
62,53,3
62,55,2
62,56,2
62,57,1
62,58,1
62,60,11
62,61,1
62,64,31
62,65,2
62,66,1
62,68,1
62,70,1
62,74,3
62,75,19
62,76,84
62,77,6
62,80,4
62,81,15
62,82,1
62,83,3
62,85,6
62,86,22
62,88,5
62,89,15
62,91,18
62,92,12
62,93,1
62,94,1
62,95,3
62,96,4
62,97,14
62,98,7
62,99,18
62,100,1
62,101,3
62,102,1
62,105,4
62,106,3
62,107,4
62,109,2
62,111,3
62,112,5
62,114,2
62,115,1
62,117,3
63,1,2
63,4,94
63,5,70
63,7,4
63,8,27
63,11,1
63,13,6
63,16,27
63,18,1
63,20,18
63,21,5
63,22,129
63,23,104
63,24,66
63,25,251
63,26,7
63,27,5
63,28,3
63,29,11
63,31,5
63,32,21
63,33,2
63,35,2
63,36,56
63,38,63
63,39,3
63,40,2
63,43,26
63,45,52
63,46,10
63,49,16
63,50,13
63,51,27
63,52,5
63,53,10
63,55,2
63,56,4
63,57,1
63,58,3
63,60,20
63,61,8
63,62,1
63,64,38
63,65,2
63,66,1
63,67,1
63,68,1
63,73,1
63,74,11
63,75,37
63,76,155
63,77,5
63,80,4
63,81,38
63,82,1
63,83,1
63,84,1
63,85,3
63,86,12
63,88,32
63,89,32
63,91,19
63,92,12
63,93,1
63,94,9
63,96,7
63,97,23
63,98,8
63,99,30
63,100,3
63,101,4
63,102,4
63,105,8
63,106,6
63,107,3
63,111,23
63,114,3
63,115,3
63,116,1
63,117,16
64,1,1
64,3,14
64,4,41
64,5,57
64,8,30
64,13,8
64,16,19
64,20,8
64,21,3
64,22,104
64,23,54
64,24,47
64,25,199
64,26,27
64,27,1
64,31,1
64,32,20
64,33,1
64,36,65
64,38,61
64,39,3
64,42,1
64,43,33
64,45,21
64,46,4
64,49,5
64,50,3
64,51,9
64,52,5
64,53,6
64,56,3
64,57,1
64,58,3
64,60,9
64,61,5
64,62,3
64,63,2
64,65,7
64,66,1
64,68,8
64,69,3
64,70,3
64,74,4
64,75,22
64,76,80
64,77,1
64,79,2
64,80,5
64,81,20
64,82,2
64,85,2
64,86,32
64,87,9
64,88,27
64,89,27
64,91,8
64,92,24
64,93,4
64,94,8
64,95,3
64,96,4
64,97,34
64,98,1
64,99,7
64,100,2
64,101,10
64,105,11
64,106,1
64,107,9
64,108,4
64,109,2
64,111,13
64,112,3
64,116,2
64,117,4
65,1,3
65,4,60
65,5,38
65,6,9
65,8,11
65,11,1
65,12,3
65,13,1
65,14,1
65,16,15
65,17,1
65,18,1
65,20,7
65,21,10
65,22,61
65,23,61
65,24,46
65,25,113
65,26,3
65,27,2
65,28,5
65,29,3
65,31,7
65,32,21
65,33,1
65,35,1
65,36,28
65,38,55
65,39,10
65,40,1
65,42,1
65,43,33
65,45,15
65,46,12
65,47,1
65,49,20
65,50,3
65,51,10
65,52,6
65,53,9
65,56,2
65,57,1
65,58,3
65,60,6
65,61,2
65,62,7
65,64,50
65,66,4
65,68,5
65,69,3
65,70,2
65,74,8
65,75,15
65,76,81
65,77,3
65,79,1
65,80,1
65,81,19
65,83,3
65,85,2
65,86,25
65,87,3
65,88,5
65,89,19
65,91,11
65,92,11
65,93,2
65,94,2
65,95,2
65,96,3
65,97,23
65,98,1
65,99,10
65,100,2
65,101,1
65,102,2
65,105,1
65,106,3
65,108,2
65,109,4
65,111,2
65,115,3
65,117,12
66,1,3
66,3,2
66,4,99
66,5,72
66,6,1
66,7,4
66,8,25
66,9,1
66,10,2
66,12,1
66,13,3
66,14,1
66,16,25
66,20,1
66,21,7
66,22,125
66,23,85
66,24,55
66,25,248
66,26,11
66,27,12
66,28,2
66,29,3
66,31,2
66,32,40
66,33,2
66,36,66
66,38,67
66,39,2
66,42,1
66,43,44
66,44,1
66,45,19
66,46,5
66,48,3
66,49,10
66,50,3
66,51,10
66,52,4
66,53,11
66,54,2
66,56,4
66,57,6
66,58,5
66,59,3
66,60,15
66,61,11
66,62,2
66,63,1
66,64,45
66,65,7
66,67,1
66,68,7
66,69,5
66,71,1
66,72,3
66,74,8
66,75,41
66,76,95
66,77,6
66,79,2
66,80,5
66,81,20
66,83,1
66,85,12
66,86,18
66,87,8
66,88,18
66,89,28
66,91,22
66,92,17
66,93,2
66,94,2
66,96,11
66,97,51
66,98,19
66,99,27
66,100,1
66,101,6
66,102,9
66,103,3
66,105,14
66,107,2
66,108,4
66,109,4
66,111,19
66,114,2
66,117,13
67,1,3
67,3,7
67,4,84
67,5,93
67,8,11
67,10,1
67,12,3
67,13,6
67,16,27
67,18,2
67,19,2
67,20,10
67,21,4
67,22,140
67,23,70
67,24,37
67,25,141
67,26,11
67,27,11
67,28,2
67,29,6
67,31,6
67,32,28
67,33,8
67,35,1
67,36,59
67,38,71
67,39,12
67,42,3
67,43,41
67,45,13
67,46,4
67,48,7
67,49,13
67,50,5
67,51,16
67,52,6
67,53,13
67,54,2
67,56,5
67,57,4
67,58,2
67,59,5
67,60,15
67,62,3
67,64,38
67,65,2
67,68,11
67,70,1
67,71,2
67,72,2
67,73,1
67,75,30
67,76,98
67,77,1
67,80,3
67,81,29
67,82,1
67,83,3
67,85,4
67,86,36
67,87,9
67,88,11
67,89,29
67,90,1
67,91,13
67,92,44
67,93,4
67,94,5
67,95,1
67,96,12
67,97,41
67,98,18
67,99,7
67,100,1
67,101,1
67,102,5
67,103,2
67,104,2
67,105,5
67,106,4
67,107,4
67,109,4
67,111,8
67,112,7
67,114,8
67,115,2
67,117,4
68,1,1
68,3,1
68,4,21
68,5,25
68,8,16
68,13,1
68,16,27
68,18,2
68,19,1
68,20,4
68,22,32
68,23,53
68,24,23
68,25,84
68,26,3
68,27,1
68,29,3
68,31,1
68,32,5
68,33,3
68,36,50
68,38,34
68,39,7
68,40,1
68,43,5
68,44,2
68,45,11
68,46,8
68,49,3
68,50,1
68,51,11
68,52,4
68,53,11
68,54,4
68,56,2
68,57,2
68,60,4
68,62,5
68,63,1
68,64,5
68,65,1
68,66,4
68,73,1
68,74,1
68,75,16
68,76,69
68,77,3
68,79,6
68,80,2
68,81,15
68,85,3
68,86,11
68,87,2
68,88,5
68,89,18
68,91,2
68,92,2
68,93,3
68,94,2
68,95,1
68,96,5
68,97,21
68,98,13
68,99,17
68,100,3
68,101,2
68,102,2
68,107,1
68,108,1
68,109,2
68,111,3
68,112,2
68,115,1
68,117,1
69,1,1
69,4,41
69,5,73
69,7,2
69,8,8
69,12,1
69,13,5
69,16,17
69,17,5
69,18,1
69,20,6
69,22,93
69,23,39
69,24,44
69,25,181
69,26,2
69,27,3
69,29,3
69,30,2
69,31,4
69,32,23
69,33,5
69,35,4
69,36,49
69,38,93
69,39,6
69,41,3
69,42,7
69,43,36
69,45,46
69,46,15
69,48,6
69,49,6
69,50,2
69,51,21
69,52,1
69,53,5
69,55,1
69,56,1
69,57,1
69,58,3
69,59,1
69,60,5
69,61,5
69,62,3
69,63,2
69,64,18
69,66,3
69,68,12
69,70,4
69,71,1
69,72,1
69,73,1
69,74,6
69,75,22
69,76,122
69,77,7
69,80,2
69,81,16
69,83,1
69,84,1
69,85,3
69,86,19
69,87,1
69,88,17
69,89,15
69,91,13
69,92,7
69,93,1
69,94,5
69,95,8
69,96,3
69,97,13
69,98,19
69,99,44
69,100,12
69,101,3
69,102,2
69,105,5
69,106,1
69,107,2
69,108,3
69,109,4
69,111,10
69,112,1
69,114,2
69,116,2
69,117,1
70,1,3
70,4,86
70,5,113
70,6,2
70,8,45
70,9,1
70,11,4
70,12,6
70,13,11
70,16,54
70,18,1
70,19,1
70,20,5
70,21,8
70,22,117
70,23,87
70,24,78
70,25,174
70,26,19
70,27,14
70,28,1
70,29,3
70,31,4
70,32,31
70,33,1
70,34,1
70,36,72
70,38,107
70,39,2
70,41,2
70,42,7
70,43,33
70,44,2
70,45,17
70,46,13
70,47,1
70,48,1
70,49,5
70,50,1
70,51,40
70,52,1
70,53,6
70,54,1
70,55,1
70,56,2
70,57,8
70,59,2
70,60,6
70,61,3
70,62,7
70,64,19
70,65,2
70,67,2
70,68,9
70,69,2
70,74,5
70,75,43
70,76,119
70,77,9
70,79,3
70,80,5
70,81,29
70,83,2
70,85,2
70,86,25
70,87,4
70,88,14
70,89,33
70,91,17
70,92,18
70,93,6
70,94,10
70,95,4
70,96,11
70,97,9
70,98,9
70,99,17
70,101,14
70,102,1
70,103,1
70,105,1
70,106,1
70,107,1
70,109,1
70,111,9
70,112,4
70,114,2
70,115,1
70,117,2
71,1,3
71,3,5
71,4,5
71,5,23
71,8,7
71,12,3
71,13,3
71,16,7
71,20,1
71,22,26
71,23,21
71,24,13
71,25,66
71,26,4
71,27,1
71,32,7
71,33,2
71,35,1
71,36,3
71,38,8
71,39,1
71,42,2
71,43,4
71,45,5
71,46,2
71,48,1
71,49,1
71,51,7
71,53,2
71,57,2
71,58,1
71,60,2
71,62,1
71,64,3
71,68,2
71,70,1
71,74,2
71,75,13
71,76,33
71,77,1
71,80,1
71,81,1
71,86,12
71,87,2
71,88,2
71,89,8
71,90,2
71,91,4
71,92,2
71,93,5
71,94,1
71,97,2
71,98,4
71,99,15
71,100,1
71,104,1
71,107,1
71,109,2
71,111,1
71,114,3
71,115,2
71,117,3
72,1,4
72,3,5
72,4,120
72,5,65
72,8,24
72,10,6
72,11,1
72,12,1
72,13,16
72,16,25
72,17,2
72,18,1
72,20,13
72,21,6
72,22,145
72,23,102
72,24,64
72,25,218
72,26,13
72,27,14
72,28,2
72,31,5
72,32,14
72,35,2
72,36,56
72,38,78
72,39,5
72,42,11
72,43,48
72,45,32
72,46,8
72,49,2
72,50,3
72,51,22
72,52,8
72,53,9
72,56,9
72,57,10
72,58,2
72,59,2
72,60,12
72,61,10
72,62,9
72,64,30
72,65,9
72,66,3
72,68,6
72,69,5
72,70,4
72,75,56
72,76,110
72,77,8
72,79,6
72,80,9
72,81,31
72,83,4
72,85,3
72,86,26
72,87,3
72,88,18
72,89,18
72,90,1
72,91,21
72,92,24
72,93,3
72,94,6
72,96,9
72,97,22
72,98,17
72,99,32
72,100,1
72,101,4
72,104,2
72,105,9
72,106,11
72,107,3
72,108,1
72,109,13
72,111,10
72,112,9
72,114,3
72,115,3
72,116,2
72,117,5
73,1,6
73,4,76
73,5,68
73,8,23
73,11,5
73,12,2
73,13,7
73,16,30
73,20,3
73,21,9
73,22,127
73,23,106
73,24,56
73,25,219
73,26,9
73,27,7
73,28,5
73,29,1
73,30,2
73,31,5
73,32,23
73,33,3
73,36,60
73,38,76
73,39,13
73,42,2
73,43,53
73,45,23
73,46,17
73,48,6
73,49,8
73,50,5
73,51,21
73,52,1
73,53,15
73,56,4
73,57,4
73,58,1
73,59,7
73,60,8
73,61,1
73,62,4
73,63,2
73,64,17
73,65,4
73,66,6
73,68,6
73,70,5
73,72,2
73,74,6
73,75,49
73,76,104
73,77,7
73,80,9
73,81,29
73,85,2
73,86,16
73,87,2
73,88,10
73,89,25
73,91,18
73,92,24
73,93,2
73,94,5
73,96,1
73,97,18
73,98,19
73,99,36
73,100,12
73,101,3
73,102,1
73,103,3
73,105,3
73,107,4
73,109,10
73,111,4
73,112,5
73,115,3
73,117,6
74,1,5
74,4,253
74,5,58
74,6,2
74,8,25
74,11,1
74,12,4
74,13,2
74,16,37
74,17,5
74,18,1
74,20,6
74,21,8
74,22,150
74,23,65
74,24,48
74,25,161
74,26,4
74,27,5
74,31,2
74,32,34
74,34,3
74,35,1
74,36,60
74,38,59
74,39,1
74,42,3
74,43,25
74,44,3
74,45,31
74,46,7
74,49,7
74,50,3
74,51,7
74,52,9
74,53,7
74,54,2
74,56,3
74,57,5
74,58,2
74,59,1
74,60,7
74,61,1
74,62,1
74,63,3
74,64,23
74,66,1
74,67,2
74,68,2
74,69,4
74,75,49
74,76,90
74,77,2
74,80,4
74,81,12
74,82,1
74,85,29
74,86,73
74,87,10
74,88,8
74,89,26
74,91,35
74,92,50
74,93,9
74,94,5
74,95,1
74,96,2
74,97,16
74,98,1
74,99,7
74,100,5
74,101,9
74,105,3
74,106,1
74,107,2
74,108,1
74,109,4
74,111,7
74,112,1
74,114,1
74,115,5
74,116,1
74,117,1
75,1,7
75,3,6
75,4,118
75,5,80
75,6,2
75,7,2
75,8,15
75,10,2
75,12,4
75,16,44
75,18,1
75,20,6
75,21,2
75,22,202
75,23,114
75,24,46
75,25,202
75,26,7
75,27,6
75,28,3
75,29,1
75,31,3
75,32,49
75,33,5
75,35,5
75,36,50
75,38,63
75,39,14
75,40,1
75,41,1
75,42,1
75,43,35
75,44,1
75,45,40
75,46,17
75,48,2
75,49,4
75,50,4
75,51,25
75,52,7
75,53,13
75,54,5
75,56,2
75,57,1
75,58,1
75,60,8
75,61,6
75,62,3
75,64,35
75,65,3
75,66,1
75,68,13
75,71,1
75,72,1
75,73,1
75,74,13
75,76,125
75,77,10
75,79,1
75,80,3
75,81,22
75,83,3
75,85,11
75,86,56
75,87,8
75,88,22
75,89,48
75,91,34
75,92,28
75,93,8
75,94,19
75,95,2
75,96,9
75,97,18
75,98,7
75,99,6
75,100,4
75,101,3
75,102,2
75,104,2
75,105,11
75,106,4
75,107,11
75,109,8
75,110,3
75,111,10
75,112,3
75,114,1
75,115,2
75,117,1
76,1,13
76,3,2
76,4,99
76,5,158
76,6,1
76,7,1
76,8,24
76,10,1
76,11,1
76,12,4
76,13,6
76,16,50
76,18,2
76,20,9
76,21,8
76,22,183
76,23,122
76,24,90
76,25,215
76,26,19
76,27,16
76,28,3
76,29,5
76,31,4
76,32,65
76,33,7
76,35,2
76,36,78
76,37,1
76,38,97
76,39,8
76,42,3
76,43,43
76,45,38
76,46,17
76,48,1
76,49,12
76,50,4
76,51,35
76,52,2
76,53,2
76,54,2
76,56,7
76,57,4
76,58,1
76,59,1
76,60,12
76,61,4
76,62,3
76,64,31
76,65,3
76,66,3
76,68,2
76,69,5
76,70,6
76,74,15
76,75,69
76,77,7
76,79,1
76,80,1
76,81,58
76,83,6
76,84,3
76,85,13
76,86,59
76,87,11
76,88,23
76,89,32
76,91,37
76,92,36
76,93,5
76,94,17
76,96,1
76,97,11
76,98,18
76,99,16
76,100,4
76,102,5
76,105,7
76,106,1
76,107,4
76,109,11
76,110,2
76,111,10
76,112,4
76,113,1
76,115,1
76,116,2
76,117,12
77,1,4
77,3,1
77,4,67
77,5,99
77,7,3
77,8,34
77,10,1
77,12,2
77,13,5
77,16,26
77,17,1
77,18,2
77,20,1
77,21,4
77,22,120
77,23,88
77,24,67
77,25,306
77,26,12
77,27,11
77,28,8
77,29,1
77,31,1
77,32,22
77,33,2
77,34,1
77,35,1
77,36,45
77,37,1
77,38,63
77,40,1
77,42,3
77,43,44
77,45,11
77,46,12
77,49,5
77,50,2
77,51,22
77,52,8
77,53,3
77,55,1
77,56,1
77,57,8
77,58,1
77,59,2
77,60,5
77,61,1
77,62,1
77,63,2
77,64,16
77,66,1
77,68,2
77,69,1
77,70,2
77,71,1
77,74,6
77,75,26
77,76,152
77,79,1
77,80,5
77,81,33
77,83,14
77,85,7
77,86,27
77,87,9
77,88,9
77,89,32
77,91,21
77,92,9
77,93,5
77,94,7
77,95,2
77,96,2
77,97,8
77,98,7
77,99,16
77,101,4
77,103,1
77,106,1
77,107,6
77,108,1
77,109,3
77,111,1
77,112,6
77,114,2
77,115,2
77,117,2
78,1,2
78,4,47
78,5,47
78,8,4
78,10,1
78,12,9
78,13,2
78,16,23
78,20,1
78,21,2
78,22,98
78,23,44
78,24,28
78,25,56
78,26,8
78,27,8
78,29,3
78,30,1
78,31,6
78,32,22
78,33,3
78,36,51
78,37,2
78,38,33
78,39,1
78,42,7
78,43,7
78,45,9
78,46,6
78,47,1
78,48,1
78,49,4
78,50,4
78,51,9
78,52,1
78,53,1
78,54,2
78,60,3
78,62,1
78,63,4
78,64,11
78,66,1
78,68,2
78,72,1
78,74,5
78,75,23
78,76,34
78,77,1
78,79,2
78,80,5
78,81,4
78,82,1
78,84,1
78,85,11
78,86,40
78,87,3
78,88,7
78,89,8
78,91,8
78,92,13
78,94,5
78,96,2
78,97,13
78,98,8
78,100,1
78,101,1
78,103,2
78,105,1
78,106,2
78,107,3
78,109,2
78,112,2
78,113,2
78,115,3
78,117,2
79,1,5
79,3,3
79,4,92
79,5,133
79,8,15
79,12,6
79,13,1
79,16,26
79,17,3
79,18,1
79,20,7
79,21,12
79,22,140
79,23,37
79,24,31
79,25,89
79,26,13
79,27,10
79,28,5
79,29,5
79,31,3
79,32,13
79,33,4
79,35,2
79,36,87
79,37,1
79,38,74
79,39,4
79,42,5
79,43,32
79,44,1
79,45,18
79,46,12
79,47,4
79,49,4
79,50,9
79,51,32
79,52,2
79,53,11
79,55,4
79,56,1
79,57,8
79,58,1
79,59,1
79,60,7
79,61,3
79,62,8
79,63,1
79,64,34
79,65,1
79,66,4
79,68,3
79,70,1
79,74,3
79,75,24
79,76,40
79,77,6
79,80,19
79,81,25
79,82,1
79,83,8
79,85,3
79,86,16
79,87,8
79,88,12
79,89,17
79,91,20
79,92,21
79,93,4
79,94,1
79,96,2
79,97,27
79,98,1
79,99,2
79,100,1
79,101,3
79,102,1
79,106,4
79,107,2
79,109,3
79,111,3
79,112,7
79,113,3
79,114,1
79,115,2
79,117,8
80,1,6
80,3,4
80,4,222
80,5,341
80,6,2
80,7,6
80,8,41
80,10,1
80,11,1
80,12,12
80,13,6
80,16,100
80,17,4
80,18,1
80,20,13
80,21,20
80,22,294
80,23,122
80,24,105
80,25,299
80,26,33
80,27,27
80,28,6
80,29,24
80,30,1
80,31,11
80,32,67
80,33,9
80,34,5
80,35,4
80,36,169
80,38,175
80,39,9
80,40,2
80,41,2
80,42,9
80,43,39
80,45,49
80,46,34
80,47,1
80,48,2
80,49,19
80,50,24
80,51,60
80,52,9
80,53,16
80,54,7
80,55,3
80,56,6
80,57,25
80,58,2
80,59,2
80,60,16
80,61,13
80,62,19
80,63,2
80,64,40
80,65,5
80,66,3
80,68,4
80,69,2
80,70,9
80,71,1
80,72,1
80,74,26
80,75,85
80,76,225
80,77,13
80,79,7
80,81,73
80,82,8
80,83,7
80,84,5
80,85,10
80,86,63
80,87,14
80,88,33
80,89,68
80,90,2
80,91,103
80,92,79
80,93,16
80,94,20
80,95,5
80,96,8
80,97,26
80,98,6
80,99,9
80,100,3
80,101,8
80,104,1
80,105,3
80,106,3
80,107,12
80,108,2
80,109,27
80,111,6
80,112,27
80,113,2
80,114,3
80,115,6
80,116,1
80,117,8
81,1,5
81,4,239
81,5,335
81,6,1
81,8,46
81,9,4
81,10,4
81,11,11
81,12,29
81,13,9
81,16,108
81,18,2
81,20,15
81,21,11
81,22,280
81,23,122
81,24,61
81,25,277
81,26,22
81,27,70
81,28,15
81,29,8
81,30,1
81,31,8
81,32,111
81,33,12
81,34,4
81,35,4
81,36,338
81,37,2
81,38,190
81,39,1
81,40,13
81,41,2
81,42,3
81,43,72
81,45,36
81,46,22
81,47,6
81,48,2
81,49,18
81,50,22
81,51,51
81,52,8
81,53,19
81,54,4
81,55,14
81,56,4
81,57,8
81,58,1
81,59,4
81,60,8
81,61,11
81,62,8
81,64,26
81,66,6
81,68,4
81,69,5
81,70,16
81,72,1
81,74,39
81,75,42
81,76,150
81,77,11
81,79,7
81,80,24
81,82,4
81,83,4
81,84,3
81,85,20
81,86,52
81,87,19
81,88,55
81,89,38
81,90,2
81,91,93
81,92,70
81,93,26
81,94,8
81,95,4
81,96,8
81,97,34
81,98,7
81,99,5
81,100,5
81,101,2
81,102,1
81,104,1
81,105,5
81,106,5
81,107,8
81,109,24
81,111,5
81,112,21
81,113,11
81,114,5
81,115,20
81,117,5
82,1,4
82,3,1
82,4,74
82,5,165
82,6,2
82,8,90
82,10,8
82,12,7
82,13,15
82,16,109
82,18,2
82,20,4
82,21,5
82,22,156
82,23,151
82,24,83
82,25,283
82,26,4
82,27,20
82,28,9
82,29,5
82,31,8
82,32,120
82,33,3
82,34,1
82,35,4
82,36,140
82,37,1
82,38,187
82,39,5
82,40,2
82,42,1
82,43,56
82,44,4
82,45,23
82,46,18
82,48,1
82,49,11
82,50,5
82,51,40
82,52,8
82,53,11
82,56,1
82,57,2
82,60,6
82,61,1
82,62,1
82,63,1
82,64,38
82,65,1
82,66,3
82,67,1
82,68,4
82,70,2
82,74,2
82,75,52
82,76,165
82,77,13
82,79,4
82,80,11
82,81,77
82,83,4
82,85,3
82,86,22
82,87,12
82,88,22
82,89,34
82,91,33
82,92,14
82,93,1
82,94,8
82,95,1
82,96,2
82,97,23
82,98,14
82,99,6
82,100,6
82,101,5
82,103,1
82,104,2
82,105,3
82,107,11
82,108,3
82,109,6
82,112,10
82,113,1
82,114,7
82,115,2
82,117,1
83,1,3
83,3,1
83,4,51
83,5,70
83,6,4
83,8,8
83,11,1
83,12,2
83,13,5
83,16,17
83,18,4
83,20,6
83,21,2
83,22,78
83,23,28
83,24,51
83,25,176
83,26,39
83,27,10
83,28,5
83,29,2
83,31,13
83,32,28
83,35,2
83,36,32
83,37,2
83,38,58
83,39,4
83,42,4
83,43,18
83,44,3
83,45,21
83,46,11
83,48,2
83,49,7
83,50,3
83,51,17
83,52,2
83,53,2
83,55,4
83,57,2
83,58,2
83,59,1
83,60,5
83,61,2
83,62,3
83,63,1
83,64,10
83,65,2
83,66,5
83,68,3
83,69,2
83,70,6
83,73,1
83,74,9
83,75,32
83,76,94
83,77,9
83,78,3
83,80,4
83,81,13
83,85,3
83,86,18
83,87,12
83,88,13
83,89,16
83,91,18
83,92,18
83,93,5
83,94,10
83,96,2
83,97,12
83,98,7
83,99,6
83,100,2
83,105,12
83,106,6
83,109,6
83,111,1
83,115,3
83,116,1
83,117,5
84,1,3
84,3,6
84,4,64
84,5,194
84,6,7
84,7,1
84,8,73
84,10,1
84,11,5
84,12,12
84,13,6
84,16,121
84,17,2
84,18,1
84,20,1
84,21,3
84,22,123
84,23,59
84,24,60
84,25,205
84,26,13
84,27,26
84,29,4
84,30,4
84,31,6
84,32,128
84,33,6
84,35,12
84,36,109
84,37,6
84,38,139
84,39,3
84,42,2
84,43,26
84,45,23
84,46,14
84,48,1
84,49,10
84,50,3
84,51,22
84,52,3
84,53,4
84,54,1
84,55,3
84,56,1
84,57,4
84,58,1
84,60,3
84,61,1
84,62,1
84,64,9
84,66,1
84,68,1
84,69,6
84,70,1
84,72,2
84,74,4
84,75,60
84,76,78
84,77,8
84,79,7
84,80,9
84,81,57
84,82,4
84,83,5
84,85,3
84,86,37
84,87,1
84,88,17
84,89,34
84,91,27
84,92,11
84,93,2
84,94,7
84,95,1
84,96,5
84,97,8
84,98,2
84,99,5
84,101,7
84,103,2
84,104,2
84,105,3
84,107,3
84,108,1
84,109,9
84,111,1
84,112,3
84,114,2
85,3,1
85,4,194
85,5,48
85,6,5
85,7,1
85,8,34
85,13,2
85,16,13
85,18,2
85,20,2
85,21,5
85,22,116
85,23,85
85,24,42
85,25,139
85,26,2
85,27,5
85,28,3
85,29,4
85,31,6
85,32,33
85,36,38
85,38,38
85,39,1
85,40,2
85,42,1
85,43,36
85,45,30
85,46,3
85,49,16
85,51,8
85,52,4
85,53,2
85,54,3
85,56,1
85,57,1
85,60,4
85,61,6
85,62,1
85,63,1
85,64,19
85,68,3
85,69,1
85,74,20
85,75,34
85,76,68
85,77,1
85,79,1
85,80,2
85,81,14
85,82,1
85,86,74
85,87,25
85,88,7
85,89,26
85,91,35
85,92,26
85,93,1
85,94,4
85,96,2
85,97,5
85,98,4
85,99,1
85,100,6
85,101,3
85,104,1
85,105,1
85,107,4
85,109,7
85,111,1
85,114,1
85,115,2
85,117,2
86,1,1
86,3,1
86,4,193
86,5,33
86,8,4
86,13,1
86,16,11
86,19,3
86,20,1
86,21,4
86,22,103
86,23,53
86,24,22
86,25,81
86,26,4
86,27,11
86,31,4
86,32,35
86,33,5
86,34,2
86,36,22
86,38,34
86,39,5
86,42,5
86,43,29
86,45,13
86,46,3
86,49,2
86,50,1
86,51,13
86,52,1
86,53,5
86,56,3
86,57,1
86,59,2
86,60,2
86,61,4
86,62,1
86,64,12
86,65,1
86,66,1
86,67,1
86,68,1
86,69,3
86,74,13
86,75,10
86,76,42
86,77,3
86,80,2
86,81,2
86,83,1
86,85,12
86,87,19
86,88,2
86,89,31
86,91,37
86,92,58
86,93,13
86,94,1
86,95,3
86,96,4
86,97,6
86,98,4
86,99,6
86,100,1
86,103,2
86,105,2
86,106,3
86,107,4
86,110,1
86,112,2
86,115,1
86,116,2
87,1,1
87,3,1
87,4,178
87,5,65
87,8,14
87,12,2
87,13,2
87,16,11
87,17,1
87,19,3
87,20,5
87,21,5
87,22,131
87,23,61
87,24,26
87,25,90
87,26,2
87,32,18
87,33,1
87,36,43
87,38,46
87,39,2
87,40,2
87,42,1
87,43,17
87,45,20
87,48,5
87,49,7
87,50,4
87,51,10
87,52,10
87,53,4
87,55,1
87,57,1
87,58,1
87,60,3
87,61,3
87,64,15
87,66,2
87,74,9
87,75,19
87,76,47
87,81,9
87,82,1
87,84,1
87,85,9
87,86,99
87,88,13
87,89,29
87,91,43
87,92,38
87,93,15
87,94,3
87,95,1
87,96,2
87,97,9
87,98,3
87,99,1
87,101,1
87,103,1
87,105,5
87,106,3
87,107,1
87,109,4
87,111,2
87,112,3
87,114,2
87,115,2
87,116,2
87,117,1
88,1,3
88,3,1
88,4,47
88,5,46
88,6,4
88,8,9
88,11,2
88,12,2
88,13,2
88,16,14
88,17,3
88,18,1
88,20,3
88,21,4
88,22,111
88,23,62
88,24,55
88,25,117
88,26,14
88,27,8
88,28,4
88,29,1
88,31,6
88,32,17
88,35,1
88,36,38
88,38,50
88,39,2
88,43,25
88,45,24
88,46,12
88,49,10
88,50,3
88,51,14
88,52,1
88,53,13
88,55,1
88,56,1
88,57,6
88,60,5
88,62,2
88,64,16
88,65,1
88,68,4
88,70,4
88,71,1
88,75,27
88,76,80
88,77,3
88,79,3
88,80,10
88,81,28
88,83,3
88,85,9
88,86,29
88,87,8
88,89,26
88,91,11
88,92,4
88,93,5
88,94,8
88,95,1
88,96,4
88,97,19
88,98,5
88,99,2
88,100,4
88,101,5
88,102,1
88,104,3
88,105,4
88,109,7
88,110,3
88,111,4
88,112,1
88,114,3
88,115,4
88,116,2
88,117,2
89,1,2
89,4,115
89,5,71
89,6,4
89,8,5
89,11,1
89,12,3
89,13,1
89,16,7
89,19,2
89,20,4
89,21,4
89,22,135
89,23,52
89,24,30
89,25,115
89,26,9
89,27,8
89,28,1
89,30,2
89,31,3
89,32,36
89,33,2
89,35,1
89,36,34
89,38,71
89,39,2
89,40,2
89,42,2
89,43,13
89,44,2
89,45,20
89,46,11
89,47,1
89,49,14
89,50,1
89,51,11
89,52,1
89,53,5
89,57,1
89,60,4
89,61,3
89,62,1
89,64,19
89,65,2
89,66,4
89,68,4
89,69,1
89,70,1
89,73,1
89,74,15
89,75,41
89,76,40
89,77,5
89,79,1
89,80,5
89,81,14
89,82,3
89,84,1
89,85,12
89,86,48
89,87,7
89,88,9
89,91,46
89,92,30
89,93,5
89,94,30
89,96,5
89,97,13
89,98,9
89,99,1
89,100,4
89,101,1
89,102,1
89,103,1
89,105,6
89,106,1
89,107,1
89,109,4
89,111,1
89,113,1
89,115,2
89,116,1
89,117,1
90,1,1
90,3,3
90,4,36
90,5,73
90,7,1
90,8,2
90,9,1
90,11,2
90,12,6
90,13,1
90,16,14
90,18,1
90,20,4
90,21,2
90,22,91
90,23,22
90,24,18
90,25,68
90,27,10
90,28,2
90,29,30
90,30,1
90,31,1
90,32,24
90,36,58
90,38,47
90,39,2
90,42,5
90,43,8
90,45,12
90,46,5
90,47,1
90,48,1
90,49,5
90,50,2
90,51,3
90,52,1
90,53,5
90,56,2
90,57,1
90,60,4
90,61,3
90,62,1
90,64,8
90,65,1
90,68,8
90,69,2
90,70,1
90,74,8
90,75,17
90,76,59
90,77,2
90,79,1
90,80,4
90,81,31
90,82,2
90,86,22
90,88,7
90,89,19
90,91,21
90,92,15
90,96,1
90,97,5
90,98,5
90,101,1
90,103,1
90,104,1
90,105,4
90,106,5
90,107,1
90,109,4
90,112,3
90,114,2
90,115,2
90,117,3
91,1,1
91,4,100
91,5,32
91,8,6
91,13,2
91,17,1
91,18,1
91,20,1
91,21,5
91,22,30
91,23,23
91,24,17
91,25,40
91,26,2
91,27,4
91,28,2
91,32,17
91,36,11
91,38,27
91,40,1
91,43,7
91,45,14
91,46,1
91,47,1
91,49,3
91,51,1
91,52,6
91,53,9
91,54,2
91,60,1
91,61,1
91,64,15
91,68,1
91,70,1
91,73,1
91,74,5
91,75,13
91,76,22
91,77,3
91,81,4
91,83,2
91,85,3
91,86,37
91,87,8
91,88,1
91,89,4
91,92,20
91,93,2
91,94,2
91,97,7
91,99,1
91,103,1
91,106,4
91,107,1
91,108,1
91,111,1
91,112,2
91,115,2
91,116,1
92,4,109
92,5,25
92,6,3
92,8,9
92,16,4
92,20,2
92,21,4
92,22,49
92,23,21
92,24,23
92,25,40
92,26,6
92,27,2
92,29,1
92,31,2
92,32,18
92,33,1
92,34,1
92,36,14
92,38,18
92,39,3
92,42,1
92,43,6
92,45,8
92,46,4
92,47,1
92,49,3
92,50,1
92,51,3
92,57,1
92,59,1
92,60,4
92,61,2
92,64,11
92,66,3
92,72,1
92,74,19
92,75,9
92,76,28
92,77,1
92,81,9
92,86,69
92,87,6
92,88,2
92,89,17
92,91,24
92,93,1
92,94,5
92,95,2
92,96,1
92,97,3
92,98,1
92,99,4
92,101,2
92,103,1
92,105,2
92,106,2
92,107,1
92,109,1
93,1,1
93,4,138
93,5,47
93,6,2
93,8,5
93,10,1
93,12,2
93,16,19
93,18,1
93,20,3
93,21,5
93,22,98
93,23,47
93,24,22
93,25,57
93,26,5
93,27,2
93,29,2
93,31,1
93,32,18
93,33,1
93,34,2
93,36,18
93,37,3
93,38,32
93,39,13
93,40,1
93,42,4
93,43,19
93,45,12
93,46,6
93,49,5
93,51,3
93,52,4
93,53,10
93,56,4
93,57,3
93,59,3
93,60,4
93,63,1
93,64,10
93,65,4
93,66,2
93,67,2
93,68,3
93,73,3
93,74,17
93,75,29
93,76,46
93,77,1
93,79,1
93,80,1
93,81,9
93,85,19
93,86,72
93,87,17
93,88,6
93,89,18
93,91,21
93,92,32
93,94,3
93,96,4
93,97,5
93,98,3
93,99,1
93,103,1
93,105,1
93,106,2
93,107,2
93,109,5
93,112,2
93,115,5
93,117,3
94,3,3
94,4,160
94,5,83
94,8,5
94,11,1
94,12,2
94,16,16
94,18,2
94,19,1
94,20,6
94,21,2
94,22,170
94,23,64
94,24,41
94,25,131
94,26,2
94,27,8
94,28,1
94,30,4
94,31,1
94,32,22
94,33,2
94,34,1
94,35,4
94,36,39
94,37,2
94,38,54
94,39,1
94,42,1
94,43,30
94,44,2
94,45,26
94,46,3
94,49,5
94,50,2
94,51,7
94,52,2
94,53,12
94,54,9
94,58,2
94,59,1
94,60,5
94,62,3
94,63,5
94,64,17
94,65,1
94,66,6
94,67,1
94,68,8
94,69,1
94,70,3
94,71,1
94,72,2
94,74,14
94,75,56
94,76,63
94,77,3
94,79,3
94,80,3
94,81,15
94,83,2
94,85,7
94,86,50
94,87,9
94,88,13
94,89,41
94,90,1
94,91,33
94,92,39
94,93,5
94,95,1
94,96,1
94,97,21
94,98,3
94,99,1
94,100,1
94,101,1
94,105,7
94,106,2
94,107,5
94,109,4
94,111,4
94,117,3
95,1,4
95,3,11
95,4,141
95,5,55
95,6,2
95,8,23
95,10,2
95,12,1
95,13,9
95,16,36
95,19,5
95,20,7
95,21,7
95,22,117
95,23,92
95,24,70
95,25,223
95,26,14
95,27,2
95,28,5
95,29,3
95,30,1
95,31,1
95,32,27
95,33,2
95,34,2
95,36,50
95,38,87
95,39,5
95,40,4
95,43,51
95,45,36
95,46,12
95,48,1
95,49,10
95,50,8
95,51,19
95,52,2
95,53,2
95,56,1
95,57,1
95,58,3
95,60,12
95,61,6
95,62,6
95,63,1
95,64,41
95,65,10
95,66,12
95,67,2
95,68,9
95,70,2
95,72,5
95,73,1
95,74,7
95,75,36
95,76,119
95,77,10
95,80,2
95,81,45
95,83,3
95,85,5
95,86,51
95,87,1
95,88,11
95,89,20
95,91,26
95,92,29
95,93,8
95,94,11
95,96,9
95,97,43
95,98,10
95,99,16
95,100,1
95,101,6
95,102,1
95,104,3
95,105,11
95,106,2
95,107,2
95,108,1
95,109,6
95,111,13
95,112,12
95,115,7
95,116,3
95,117,7
96,1,1
96,3,5
96,4,102
96,5,78
96,6,2
96,8,10
96,12,1
96,13,1
96,16,25
96,18,1
96,19,2
96,20,7
96,21,11
96,22,109
96,23,74
96,24,41
96,25,130
96,26,9
96,27,9
96,28,1
96,29,1
96,31,7
96,32,32
96,36,46
96,38,69
96,39,4
96,42,6
96,43,45
96,45,34
96,46,8
96,49,12
96,50,6
96,51,5
96,52,3
96,53,8
96,54,2
96,55,1
96,57,4
96,59,1
96,60,16
96,61,7
96,62,1
96,64,39
96,65,4
96,66,9
96,68,6
96,69,1
96,70,1
96,74,10
96,75,20
96,76,65
96,77,5
96,79,4
96,80,4
96,81,19
96,82,1
96,83,1
96,84,2
96,85,2
96,86,36
96,87,16
96,88,13
96,89,28
96,90,1
96,91,29
96,92,36
96,93,5
96,94,11
96,95,3
96,97,53
96,98,18
96,99,18
96,100,1
96,101,3
96,102,2
96,103,2
96,104,1
96,105,7
96,106,3
96,107,10
96,109,6
96,111,7
96,112,5
96,114,5
96,115,2
96,116,1
96,117,6
97,1,3
97,3,3
97,4,157
97,5,89
97,7,2
97,8,17
97,12,4
97,16,32
97,18,2
97,20,18
97,21,12
97,22,175
97,23,99
97,24,67
97,25,206
97,26,16
97,27,4
97,28,2
97,29,6
97,30,1
97,31,3
97,32,14
97,33,2
97,35,3
97,36,67
97,37,1
97,38,98
97,39,10
97,40,2
97,42,9
97,43,47
97,44,3
97,45,21
97,46,6
97,49,6
97,50,2
97,51,12
97,52,4
97,53,21
97,54,4
97,56,8
97,57,4
97,59,2
97,60,13
97,61,5
97,62,4
97,63,3
97,64,44
97,65,8
97,66,2
97,68,20
97,69,3
97,70,4
97,71,1
97,72,2
97,74,14
97,75,33
97,76,114
97,77,9
97,79,2
97,80,3
97,81,24
97,83,4
97,85,7
97,86,46
97,87,3
97,88,10
97,89,28
97,91,36
97,92,57
97,93,6
97,94,9
97,95,3
97,96,14
97,98,10
97,99,15
97,100,9
97,101,3
97,102,3
97,103,1
97,105,11
97,106,13
97,107,10
97,109,8
97,111,4
97,112,10
97,114,4
97,115,7
97,117,6
98,4,42
98,5,37
98,6,2
98,8,9
98,12,3
98,13,6
98,16,28
98,20,2
98,21,9
98,22,103
98,23,54
98,24,32
98,25,106
98,27,6
98,28,2
98,29,2
98,31,2
98,32,14
98,36,36
98,38,30
98,42,2
98,43,26
98,45,3
98,46,2
98,49,17
98,50,1
98,51,10
98,52,3
98,53,3
98,57,3
98,58,2
98,60,12
98,61,9
98,62,2
98,64,13
98,68,7
98,70,1
98,71,1
98,72,1
98,74,8
98,75,7
98,76,87
98,79,3
98,80,1
98,81,14
98,85,3
98,86,14
98,87,1
98,88,7
98,89,16
98,91,15
98,92,18
98,93,1
98,94,2
98,96,5
98,97,20
98,99,15
98,100,8
98,102,1
98,104,1
98,105,5
98,106,3
98,107,7
98,108,1
98,109,4
98,111,3
98,112,1
98,115,2
98,116,3
98,117,2
99,1,7
99,3,4
99,4,111
99,5,126
99,6,4
99,7,4
99,8,31
99,11,2
99,13,3
99,16,35
99,20,8
99,21,23
99,22,185
99,23,130
99,24,98
99,25,232
99,26,13
99,27,2
99,28,5
99,29,7
99,31,4
99,32,39
99,33,2
99,34,1
99,35,1
99,36,58
99,38,103
99,39,10
99,40,6
99,42,12
99,43,72
99,44,5
99,45,26
99,46,13
99,47,1
99,48,1
99,49,15
99,50,2
99,51,23
99,52,2
99,53,7
99,56,2
99,57,4
99,58,1
99,59,1
99,60,13
99,62,4
99,63,2
99,64,37
99,65,2
99,66,2
99,68,4
99,69,2
99,70,5
99,71,2
99,72,2
99,73,1
99,74,4
99,75,48
99,76,150
99,77,17
99,79,3
99,80,11
99,81,28
99,82,3
99,83,1
99,84,2
99,85,13
99,86,66
99,87,12
99,88,4
99,89,37
99,90,1
99,91,37
99,92,31
99,93,14
99,94,5
99,96,9
99,97,31
99,98,26
99,100,5
99,101,4
99,102,5
99,104,1
99,105,18
99,106,10
99,107,17
99,109,5
99,111,6
99,112,13
99,113,2
99,115,10
99,116,6
99,117,9
100,1,2
100,3,1
100,4,59
100,5,91
100,8,24
100,10,5
100,12,1
100,13,4
100,16,27
100,20,7
100,21,4
100,22,107
100,23,111
100,24,60
100,25,241
100,26,6
100,27,6
100,28,1
100,31,4
100,32,38
100,33,3
100,35,1
100,36,29
100,38,51
100,39,22
100,40,1
100,42,3
100,43,36
100,44,2
100,45,18
100,46,20
100,48,4
100,49,13
100,50,4
100,51,24
100,52,4
100,53,4
100,54,1
100,56,6
100,57,3
100,58,2
100,59,1
100,60,4
100,61,6
100,64,24
100,65,2
100,66,2
100,67,1
100,68,9
100,69,2
100,70,1
100,71,1
100,73,1
100,74,3
100,75,27
100,76,115
100,77,5
100,80,7
100,81,22
100,82,2
100,83,2
100,85,7
100,86,21
100,87,2
100,88,16
100,89,26
100,90,1
100,91,17
100,92,8
100,93,2
100,94,5
100,96,2
100,97,41
100,98,33
100,99,61
100,101,2
100,104,3
100,106,2
100,107,6
100,109,3
100,111,4
100,112,3
100,114,4
100,117,1
101,1,5
101,4,113
101,5,149
101,6,1
101,7,3
101,8,19
101,11,1
101,12,2
101,13,18
101,16,45
101,17,2
101,18,1
101,20,8
101,21,6
101,22,146
101,23,84
101,24,121
101,25,251
101,26,18
101,27,21
101,28,8
101,29,3
101,30,3
101,31,3
101,32,47
101,33,1
101,35,2
101,36,69
101,38,109
101,39,1
101,40,1
101,42,3
101,43,44
101,44,2
101,45,17
101,46,34
101,49,6
101,50,6
101,51,52
101,52,2
101,53,7
101,54,3
101,56,2
101,57,9
101,59,5
101,60,13
101,61,4
101,63,1
101,64,22
101,65,1
101,68,3
101,69,1
101,70,8
101,74,10
101,75,33
101,76,172
101,77,11
101,78,2
101,79,3
101,80,16
101,81,54
101,82,1
101,83,7
101,85,9
101,86,28
101,87,3
101,88,7
101,89,34
101,90,1
101,91,17
101,92,17
101,93,5
101,94,2
101,95,4
101,96,15
101,97,29
101,98,24
101,99,15
101,100,3
101,102,2
101,104,3
101,105,3
101,106,5
101,107,9
101,108,3
101,109,14
101,111,3
101,112,9
101,113,3
101,114,2
101,115,2
101,117,2
102,1,2
102,3,9
102,4,80
102,5,73
102,6,3
102,8,16
102,12,1
102,13,14
102,16,21
102,17,3
102,19,3
102,20,2
102,21,11
102,22,110
102,23,78
102,24,61
102,25,162
102,26,4
102,27,17
102,28,5
102,31,2
102,32,24
102,33,6
102,35,2
102,36,52
102,38,74
102,39,14
102,42,2
102,43,33
102,45,29
102,46,3
102,48,1
102,49,14
102,51,20
102,52,8
102,53,2
102,56,4
102,57,3
102,58,1
102,60,6
102,61,4
102,62,5
102,63,3
102,64,51
102,65,7
102,66,4
102,67,1
102,68,3
102,69,5
102,70,2
102,72,1
102,75,18
102,76,88
102,77,9
102,79,1
102,80,7
102,81,29
102,83,2
102,85,1
102,86,26
102,87,3
102,88,8
102,89,28
102,91,18
102,92,11
102,93,1
102,94,1
102,95,2
102,96,5
102,97,13
102,98,17
102,99,24
102,100,1
102,105,6
102,106,1
102,107,4
102,108,2
102,109,5
102,111,2
102,112,4
102,114,2
102,115,7
102,117,5
103,4,97
103,5,49
103,7,1
103,8,10
103,13,3
103,16,29
103,20,3
103,21,3
103,22,123
103,23,63
103,24,67
103,25,105
103,26,12
103,27,5
103,28,1
103,29,2
103,31,3
103,32,32
103,33,1
103,35,1
103,36,31
103,38,61
103,39,19
103,40,1
103,42,1
103,43,33
103,44,1
103,45,22
103,46,9
103,47,1
103,49,6
103,50,1
103,51,12
103,53,13
103,56,2
103,57,2
103,59,1
103,60,14
103,61,1
103,64,40
103,65,1
103,66,1
103,67,4
103,68,4
103,69,2
103,70,1
103,74,3
103,75,31
103,76,87
103,77,3
103,79,2
103,80,3
103,81,21
103,82,1
103,83,4
103,85,6
103,86,45
103,87,6
103,88,10
103,89,18
103,91,30
103,92,34
103,93,1
103,94,3
103,95,6
103,96,6
103,97,35
103,98,9
103,99,11
103,100,1
103,102,2
103,105,5
103,106,5
103,107,10
103,111,6
103,112,1
103,117,2
104,3,2
104,4,134
104,5,83
104,6,2
104,7,1
104,8,22
104,12,1
104,13,2
104,16,50
104,17,1
104,18,2
104,20,4
104,21,8
104,22,138
104,23,83
104,24,51
104,25,157
104,26,8
104,27,8
104,28,4
104,29,11
104,30,1
104,31,4
104,32,33
104,33,1
104,35,1
104,36,56
104,38,65
104,39,6
104,42,3
104,43,52
104,45,24
104,46,4
104,48,2
104,49,11
104,50,3
104,51,13
104,52,8
104,53,13
104,56,5
104,57,1
104,58,2
104,59,6
104,60,18
104,61,1
104,62,4
104,63,2
104,64,19
104,65,9
104,68,4
104,74,4
104,75,27
104,76,90
104,77,4
104,81,32
104,83,4
104,85,2
104,86,41
104,87,3
104,88,13
104,89,21
104,90,1
104,91,28
104,92,30
104,93,1
104,94,5
104,95,3
104,96,8
104,97,48
104,98,11
104,99,7
104,100,10
104,101,2
104,102,2
104,105,5
104,106,4
104,107,1
104,108,1
104,109,9
104,111,8
104,112,3
104,114,2
104,115,8
104,116,1
104,117,1
105,1,3
105,3,3
105,4,95
105,5,85
105,6,1
105,8,28
105,11,1
105,12,2
105,16,29
105,18,3
105,20,6
105,21,6
105,22,132
105,23,73
105,24,40
105,25,191
105,26,6
105,27,5
105,28,3
105,30,1
105,31,6
105,32,16
105,33,2
105,35,4
105,36,39
105,38,80
105,39,11
105,40,1
105,41,1
105,42,6
105,43,31
105,45,13
105,46,9
105,49,6
105,50,1
105,51,15
105,53,17
105,54,2
105,56,7
105,58,1
105,59,1
105,60,14
105,61,3
105,62,6
105,64,44
105,65,3
105,66,1
105,68,3
105,69,6
105,72,7
105,73,1
105,74,8
105,75,27
105,76,103
105,77,5
105,79,1
105,80,1
105,81,27
105,82,4
105,83,1
105,84,1
105,85,6
105,86,45
105,87,2
105,88,8
105,89,16
105,91,34
105,92,25
105,93,2
105,94,3
105,95,2
105,96,4
105,97,42
105,98,8
105,99,14
105,100,9
105,101,17
105,102,3
105,103,2
105,104,1
105,106,1
105,107,15
105,108,1
105,109,2
105,110,1
105,111,12
105,112,2
105,114,1
105,115,1
105,117,6
106,1,5
106,3,2
106,4,134
106,5,107
106,6,1
106,7,1
106,8,35
106,12,4
106,13,12
106,16,26
106,18,5
106,20,5
106,21,22
106,22,139
106,23,91
106,24,83
106,25,139
106,26,13
106,27,14
106,28,1
106,29,6
106,30,3
106,31,8
106,32,21
106,33,3
106,35,2
106,36,71
106,38,89
106,39,18
106,40,1
106,42,1
106,43,31
106,45,12
106,46,12
106,48,2
106,49,10
106,50,4
106,51,24
106,52,7
106,53,18
106,54,2
106,56,5
106,57,2
106,60,5
106,62,3
106,63,2
106,64,37
106,65,7
106,66,1
106,67,1
106,68,6
106,69,1
106,72,10
106,74,3
106,75,35
106,76,97
106,77,7
106,79,3
106,80,4
106,81,37
106,83,2
106,85,6
106,86,53
106,87,10
106,88,15
106,89,32
106,91,45
106,92,42
106,93,5
106,94,14
106,96,8
106,97,30
106,98,7
106,99,5
106,100,2
106,101,3
106,105,11
106,107,11
106,109,3
106,110,1
106,111,12
106,112,5
106,113,2
106,114,7
106,115,2
106,116,1
106,117,2
107,1,3
107,4,266
107,5,162
107,6,1
107,8,15
107,10,1
107,11,2
107,12,6
107,13,5
107,16,51
107,17,1
107,18,1
107,19,1
107,20,8
107,21,21
107,22,220
107,23,92
107,24,79
107,25,204
107,26,17
107,27,8
107,28,2
107,29,4
107,31,8
107,32,60
107,33,4
107,35,2
107,36,78
107,38,89
107,39,14
107,40,8
107,42,11
107,43,98
107,45,43
107,46,13
107,47,1
107,49,16
107,50,3
107,51,21
107,52,11
107,53,22
107,54,4
107,55,1
107,56,5
107,57,6
107,58,1
107,59,1
107,60,19
107,61,6
107,62,8
107,64,67
107,65,3
107,66,3
107,68,3
107,69,7
107,70,6
107,71,2
107,72,2
107,74,19
107,75,58
107,76,131
107,77,18
107,79,1
107,80,9
107,81,30
107,83,10
107,84,2
107,85,20
107,86,95
107,87,8
107,88,7
107,89,57
107,91,91
107,92,55
107,93,9
107,94,9
107,95,1
107,96,11
107,97,41
107,98,16
107,99,10
107,101,6
107,102,3
107,103,2
107,104,3
107,105,12
107,106,8
107,108,2
107,109,4
107,111,10
107,112,2
107,115,3
107,116,4
107,117,6
108,1,2
108,4,27
108,5,30
108,6,1
108,7,3
108,8,15
108,13,2
108,16,10
108,18,1
108,19,2
108,22,42
108,23,31
108,24,25
108,25,54
108,26,7
108,27,3
108,29,1
108,31,2
108,32,6
108,36,18
108,38,29
108,39,1
108,43,17
108,44,1
108,45,20
108,46,3
108,49,4
108,50,2
108,51,18
108,53,4
108,56,1
108,57,1
108,60,2
108,61,1
108,62,2
108,63,1
108,64,6
108,65,2
108,67,1
108,68,2
108,69,2
108,71,2
108,72,2
108,74,6
108,75,24
108,76,47
108,77,9
108,79,1
108,80,1
108,81,7
108,82,1
108,83,1
108,85,2
108,86,3
108,88,5
108,89,12
108,91,13
108,92,3
108,94,1
108,95,1
108,96,3
108,97,10
108,98,5
108,99,13
108,101,1
108,107,4
108,111,3
108,112,4
108,116,1
108,117,1
109,1,6
109,3,1
109,4,157
109,5,116
109,6,1
109,8,16
109,11,3
109,12,4
109,13,4
109,16,32
109,18,1
109,20,16
109,21,4
109,22,253
109,23,115
109,24,65
109,25,236
109,26,6
109,27,19
109,28,2
109,29,11
109,31,6
109,32,37
109,33,1
109,35,7
109,36,58
109,37,2
109,38,103
109,39,10
109,42,2
109,43,34
109,44,7
109,45,35
109,46,9
109,48,5
109,49,17
109,50,7
109,51,7
109,52,2
109,53,12
109,56,3
109,57,2
109,58,2
109,59,1
109,60,12
109,61,3
109,62,2
109,64,24
109,65,3
109,66,3
109,67,1
109,68,20
109,69,6
109,70,6
109,72,6
109,74,14
109,75,62
109,76,135
109,77,1
109,80,11
109,81,23
109,82,2
109,83,1
109,84,1
109,85,13
109,86,70
109,87,11
109,88,12
109,89,43
109,90,1
109,91,28
109,92,32
109,93,10
109,94,15
109,96,8
109,97,24
109,98,12
109,99,21
109,100,2
109,101,7
109,104,1
109,105,14
109,106,2
109,107,4
109,110,2
109,111,4
109,112,3
109,115,3
109,116,1
109,117,2
110,1,1
110,3,6
110,4,114
110,5,87
110,6,6
110,8,12
110,12,2
110,13,12
110,14,1
110,16,33
110,18,1
110,19,4
110,20,8
110,22,202
110,23,91
110,24,66
110,25,198
110,26,13
110,27,16
110,28,2
110,29,3
110,31,3
110,32,43
110,33,4
110,34,3
110,35,1
110,36,43
110,38,79
110,39,5
110,42,4
110,43,38
110,45,36
110,46,12
110,49,18
110,50,4
110,51,23
110,52,3
110,53,5
110,55,1
110,56,5
110,57,2
110,58,1
110,60,9
110,61,5
110,62,1
110,63,4
110,64,22
110,65,1
110,68,7
110,69,3
110,70,2
110,72,1
110,74,7
110,75,66
110,76,120
110,77,12
110,78,1
110,79,1
110,80,8
110,81,19
110,82,3
110,83,1
110,85,2
110,86,41
110,87,4
110,88,17
110,89,38
110,90,1
110,91,33
110,92,26
110,93,2
110,94,11
110,95,1
110,96,1
110,97,22
110,98,16
110,99,19
110,100,1
110,101,12
110,102,1
110,103,1
110,105,5
110,106,5
110,107,5
110,108,6
110,109,12
110,111,3
110,112,5
110,113,1
110,114,5
110,115,4
110,117,3
111,3,2
111,4,152
111,5,105
111,6,2
111,7,3
111,8,15
111,11,1
111,12,7
111,13,3
111,16,50
111,19,1
111,20,11
111,21,13
111,22,175
111,23,79
111,24,68
111,25,203
111,26,17
111,27,20
111,28,2
111,29,3
111,31,5
111,32,45
111,33,5
111,35,1
111,36,57
111,38,63
111,39,8
111,40,3
111,42,8
111,43,28
111,44,1
111,45,35
111,46,14
111,49,22
111,50,1
111,51,21
111,52,8
111,53,20
111,54,3
111,56,2
111,57,3
111,58,1
111,59,2
111,60,7
111,61,2
111,62,5
111,63,1
111,64,31
111,65,4
111,66,2
111,68,7
111,69,8
111,70,4
111,74,11
111,75,42
111,76,93
111,77,7
111,79,1
111,80,5
111,81,33
111,82,2
111,83,3
111,84,1
111,85,19
111,86,68
111,87,17
111,88,10
111,89,32
111,91,52
111,92,59
111,93,4
111,94,9
111,95,2
111,96,13
111,97,25
111,98,11
111,99,12
111,100,6
111,101,2
111,102,2
111,103,1
111,105,4
111,106,5
111,107,4
111,109,4
111,112,3
111,114,1
111,115,2
111,117,1
112,4,37
112,5,16
112,8,6
112,16,5
112,19,1
112,20,1
112,21,3
112,22,34
112,23,23
112,24,11
112,25,39
112,26,2
112,29,1
112,31,1
112,32,11
112,36,12
112,38,15
112,39,1
112,43,14
112,45,6
112,49,2
112,51,3
112,56,1
112,60,1
112,61,1
112,64,8
112,65,1
112,68,2
112,70,4
112,74,3
112,75,11
112,76,19
112,77,6
112,79,6
112,81,5
112,83,1
112,85,1
112,86,8
112,87,2
112,88,1
112,89,2
112,91,3
112,92,8
112,93,6
112,94,1
112,96,1
112,97,2
112,98,3
112,99,14
112,100,4
112,101,1
112,102,1
112,106,2
112,107,1
112,109,3
112,115,1
112,117,2
113,1,2
113,4,77
113,5,91
113,8,8
113,12,3
113,16,34
113,20,3
113,21,1
113,22,75
113,23,48
113,24,35
113,25,70
113,26,3
113,27,8
113,28,7
113,29,6
113,31,4
113,32,41
113,35,3
113,36,60
113,38,69
113,39,9
113,43,10
113,45,6
113,46,11
113,49,1
113,50,3
113,51,12
113,52,2
113,53,2
113,55,2
113,57,4
113,60,3
113,63,2
113,64,12
113,65,1
113,68,5
113,69,6
113,70,1
113,74,5
113,75,19
113,76,60
113,77,6
113,80,3
113,81,23
113,83,1
113,86,31
113,87,4
113,88,11
113,89,6
113,91,17
113,92,22
113,93,6
113,94,8
113,96,7
113,97,7
113,98,5
113,99,3
113,100,1
113,101,1
113,102,1
113,103,1
113,105,5
113,106,1
113,107,5
113,111,1
113,112,1
113,115,1
113,117,1
114,1,2
114,4,90
114,5,61
114,6,3
114,7,5
114,8,19
114,11,3
114,12,2
114,13,3
114,16,32
114,18,2
114,20,10
114,21,4
114,22,95
114,23,80
114,24,44
114,25,176
114,26,2
114,27,8
114,28,2
114,29,3
114,30,1
114,31,6
114,32,20
114,33,1
114,35,1
114,36,50
114,38,62
114,39,3
114,42,5
114,43,22
114,45,15
114,46,14
114,48,2
114,49,5
114,51,9
114,52,4
114,53,6
114,56,13
114,57,4
114,58,2
114,59,6
114,60,15
114,61,2
114,62,6
114,64,34
114,65,1
114,66,2
114,68,2
114,69,5
114,70,1
114,71,1
114,72,1
114,74,4
114,75,24
114,76,95
114,77,3
114,80,3
114,81,30
114,83,8
114,85,9
114,86,22
114,87,3
114,88,8
114,89,17
114,91,25
114,92,14
114,93,1
114,94,3
114,95,5
114,96,11
114,97,27
114,98,9
114,99,11
114,100,2
114,101,2
114,102,2
114,103,1
114,105,13
114,106,2
114,107,7
114,109,5
114,110,2
114,111,5
114,115,4
114,116,1
114,117,4
115,1,5
115,3,5
115,4,107
115,5,45
115,8,20
115,10,1
115,11,1
115,12,2
115,13,1
115,16,9
115,20,5
115,21,9
115,22,78
115,23,39
115,24,20
115,25,70
115,26,1
115,28,1
115,29,4
115,31,1
115,32,32
115,33,1
115,36,13
115,38,33
115,39,10
115,40,1
115,41,1
115,43,25
115,45,12
115,46,5
115,48,1
115,49,4
115,50,4
115,51,7
115,52,3
115,53,3
115,56,1
115,57,4
115,58,1
115,61,1
115,62,1
115,64,14
115,65,1
115,66,1
115,68,5
115,70,2
115,74,8
115,75,14
115,76,36
115,77,4
115,79,2
115,80,2
115,81,11
115,85,5
115,86,68
115,87,8
115,88,4
115,89,8
115,91,32
115,92,43
115,93,11
115,94,6
115,95,2
115,96,4
115,97,10
115,98,1
115,101,3
115,105,3
115,107,5
115,108,1
115,109,2
115,111,9
115,116,1
116,1,5
116,3,1
116,4,40
116,5,73
116,8,23
116,13,2
116,16,16
116,17,1
116,18,2
116,20,12
116,21,5
116,22,98
116,23,73
116,24,51
116,25,219
116,26,9
116,27,8
116,31,9
116,32,17
116,33,1
116,35,10
116,36,60
116,38,79
116,39,6
116,42,1
116,43,28
116,45,26
116,46,5
116,49,4
116,50,1
116,51,16
116,52,1
116,53,3
116,54,1
116,56,2
116,57,1
116,59,4
116,60,16
116,61,6
116,62,2
116,63,1
116,64,15
116,65,3
116,66,1
116,68,2
116,70,4
116,71,1
116,74,1
116,75,30
116,76,116
116,77,12
116,79,1
116,80,7
116,81,31
116,82,4
116,83,10
116,85,4
116,86,23
116,87,1
116,88,12
116,89,12
116,91,16
116,92,9
116,93,7
116,94,4
116,95,2
116,96,3
116,97,15
116,98,13
116,99,13
116,100,5
116,101,4
116,103,1
116,105,7
116,106,5
116,107,8
116,109,5
116,111,10
116,112,1
116,115,1
116,117,15
117,1,4
117,3,1
117,4,38
117,5,93
117,6,1
117,7,1
117,8,10
117,12,1
117,13,7
117,16,23
117,17,2
117,18,9
117,20,11
117,21,3
117,22,78
117,23,53
117,24,44
117,25,152
117,26,3
117,27,7
117,28,5
117,29,2
117,30,1
117,31,6
117,32,28
117,36,52
117,38,46
117,39,1
117,42,1
117,43,41
117,45,20
117,46,13
117,48,1
117,49,7
117,51,4
117,53,3
117,56,19
117,57,1
117,58,2
117,59,6
117,60,16
117,61,6
117,62,5
117,63,1
117,64,49
117,65,3
117,66,4
117,71,4
117,72,3
117,73,1
117,74,1
117,75,20
117,76,111
117,77,2
117,79,1
117,80,2
117,81,19
117,83,1
117,85,7
117,86,14
117,87,1
117,88,6
117,89,17
117,91,21
117,92,14
117,93,4
117,94,3
117,95,2
117,96,3
117,97,19
117,98,10
117,99,13
117,101,10
117,102,1
117,105,1
117,106,1
117,107,7
117,108,2
117,109,3
117,111,3
117,112,4
117,114,1
117,115,1
117,116,2
