link_id,from_node_id,to_node_id,dir_flag,length,vdf_length_mi,lanes,capacity,free_speed,vdf_free_speed_mph,vdf_toll,link_type,allowed_uses,vdf_alpha,vdf_beta,vdf_plf,ref_volume,ref_cost,vdf_fftt,geometry
1,1,31,1,12674.475588627283,7.875573582106506,1,999999,,,0,0,,0,4,1,0,-1,0.0,"LINESTRING (0.974312 1.85107, 1.08119 1.89084)"
2,1,32,1,10266.280558936756,6.37918684612124,1,999999,,,0,0,,0,4,1,0,-1,0.0,"LINESTRING (0.974312 1.85107, 1.0613 1.88214)"
3,1,159,1,8438.983314338924,5.243754156572835,1,999999,,,0,0,,0,4,1,0,-1,0.0,"LINESTRING (0.974312 1.85107, 0.907826 1.81441)"
4,1,161,1,4706.3311038478705,2.9243858375780576,1,999999,,,0,0,,0,4,1,0,-1,0.0,"LINESTRING (0.974312 1.85107, 1.01532 1.86163)"
5,2,31,1,9628.936456496502,5.983158597000325,1,999999,,,0,0,,0,4,1,0,-1,0.0,"LINESTRING (1.15575 1.93495, 1.08119 1.89084)"
6,2,32,1,12027.486153833534,7.4735519864252025,1,999999,,,0,0,,0,4,1,0,-1,0.0,"LINESTRING (1.15575 1.93495, 1.0613 1.88214)"
7,2,37,1,13329.22633063646,8.28241784249224,1,999999,,,0,0,,0,4,1,0,-1,0.0,"LINESTRING (1.15575 1.93495, 1.11101 1.82373)"
8,2,216,1,5192.210824979612,3.2262982495803327,1,999999,,,0,0,,0,4,1,0,-1,0.0,"LINESTRING (1.15575 1.93495, 1.20111 1.94614)"
9,3,42,1,12598.10405409047,7.8281183926892215,1,999999,,,0,0,,0,4,1,0,-1,0.0,"LINESTRING (1.28811 1.19366, 1.30178 1.30613)"
10,3,44,1,10943.519447343459,6.800004627576186,1,999999,,,0,0,,0,4,1,0,-1,0.0,"LINESTRING (1.28811 1.19366, 1.30115 1.29121)"
11,3,61,1,1125.5255345246906,0.6993708815568436,1,999999,,,0,0,,0,4,1,0,-1,0.0,"LINESTRING (1.28811 1.19366, 1.27816 1.19179)"
12,3,62,1,1672.6580992047614,1.0393441405823267,1,999999,,,0,0,,0,4,1,0,-1,0.0,"LINESTRING (1.28811 1.19366, 1.2763 1.18434)"
13,4,70,1,9063.083949901289,5.631553276437105,1,999999,,,0,0,,0,4,1,0,-1,0.0,"LINESTRING (1.54535 1.10232, 1.61308 1.05696)"
14,4,71,1,9811.133387404663,6.096370802567925,1,999999,,,0,0,,0,4,1,0,-1,0.0,"LINESTRING (1.54535 1.10232, 1.45712 1.10045)"
15,4,75,1,9502.940938063677,5.904868416906109,1,999999,,,0,0,,0,4,1,0,-1,0.0,"LINESTRING (1.54535 1.10232, 1.60998 1.04639)"
16,4,82,1,4504.2984567143485,2.798848258736096,1,999999,,,0,0,,0,4,1,0,-1,0.0,"LINESTRING (1.54535 1.10232, 1.51863 1.07187)"
17,5,73,1,3151.129169472436,1.9580257555721203,1,999999,,,0,0,,0,4,1,0,-1,0.0,"LINESTRING (1.91445 0.707744, 1.89705 0.730113)"
18,5,77,1,720.9391933401686,0.44797195952388474,1,999999,,,0,0,,0,4,1,0,-1,0.0,"LINESTRING (1.91445 0.707744, 1.90824 0.705879)"
19,5,78,1,977.172426825424,0.6071883050352469,1,999999,,,0,0,,0,4,1,0,-1,0.0,"LINESTRING (1.91445 0.707744, 1.91569 0.699044)"
20,5,96,1,10529.505071903424,6.5427473820966515,1,999999,,,0,0,,0,4,1,0,-1,0.0,"LINESTRING (1.91445 0.707744, 1.98591 0.645606)"
21,6,193,1,4025.191983076078,2.5011445580648455,1,999999,,,0,0,,0,4,1,0,-1,0.0,"LINESTRING (0.661762 0.649956, 0.638771 0.621994)"
22,6,194,1,25087.44756207952,15.588655947207876,1,999999,,,0,0,,0,4,1,0,-1,0.0,"LINESTRING (0.661762 0.649956, 0.484671 0.789765)"
23,6,195,1,5299.095381844199,3.2927133991848834,1,999999,,,0,0,,0,4,1,0,-1,0.0,"LINESTRING (0.661762 0.649956, 0.643742 0.605838)"
24,6,198,1,25221.507099747894,15.671956889002882,1,999999,,,0,0,,0,4,1,0,-1,0.0,"LINESTRING (0.661762 0.649956, 0.47535 0.779201)"
25,7,179,1,12125.104442059743,7.534209329327392,1,999999,,,0,0,,0,4,1,0,-1,0.0,"LINESTRING (0.608324 1.06193, 0.600246 0.953186)"
26,7,200,1,5315.121863380527,3.302671817875979,1,999999,,,0,0,,0,4,1,0,-1,0.0,"LINESTRING (0.608324 1.06193, 0.655548 1.06938)"
27,7,201,1,14126.35892852075,8.777734306312372,1,999999,,,0,0,,0,4,1,0,-1,0.0,"LINESTRING (0.608324 1.06193, 0.689724 1.15948)"
28,7,202,1,11204.007009190214,6.961864496744141,1,999999,,,0,0,,0,4,1,0,-1,0.0,"LINESTRING (0.608324 1.06193, 0.603974 0.961264)"
29,8,99,1,13131.803565772505,8.159744718811753,1,999999,,,0,0,,0,4,1,0,-1,0.0,"LINESTRING (1.4826 0.306958, 1.59941 0.28956)"
30,8,113,1,6428.102729478744,3.9942477844822997,1,999999,,,0,0,,0,4,1,0,-1,0.0,"LINESTRING (1.4826 0.306958, 1.54038 0.305094)"
31,8,114,1,2899.5541904268207,1.8017039223699287,1,999999,,,0,0,,0,4,1,0,-1,0.0,"LINESTRING (1.4826 0.306958, 1.50807 0.31255)"
32,8,116,1,4976.40504152714,3.0922024193316147,1,999999,,,0,0,,0,4,1,0,-1,0.0,"LINESTRING (1.4826 0.306958, 1.52609 0.296395)"
33,9,29,1,15421.63329026885,9.58258248118412,1,999999,,,0,0,,0,4,1,0,-1,0.0,"LINESTRING (1.37634 1.56648, 1.24523 1.52112)"
34,9,39,1,18166.33675751997,11.288066385922162,1,999999,,,0,0,,0,4,1,0,-1,0.0,"LINESTRING (1.37634 1.56648, 1.22597 1.50248)"
35,9,47,1,16826.239119601814,10.455366249271016,1,999999,,,0,0,,0,4,1,0,-1,0.0,"LINESTRING (1.37634 1.56648, 1.26387 1.4652)"
36,9,140,1,13348.760845946188,8.294556057729373,1,999999,,,0,0,,0,4,1,0,-1,0.0,"LINESTRING (1.37634 1.56648, 1.32415 1.6746)"
37,10,74,1,11749.41264397093,7.30076468861206,1,999999,,,0,0,,0,4,1,0,-1,0.0,"LINESTRING (1.7821 1.03583, 1.67895 1.01284)"
38,10,76,1,12410.034126109691,7.711256866858273,1,999999,,,0,0,,0,4,1,0,-1,0.0,"LINESTRING (1.7821 1.03583, 1.67584 1.00165)"
39,10,79,1,12462.302116108596,7.743734770843077,1,999999,,,0,0,,0,4,1,0,-1,0.0,"LINESTRING (1.7821 1.03583, 1.70505 0.954429)"
40,10,80,1,11816.699777850043,7.342575079131845,1,999999,,,0,0,,0,4,1,0,-1,0.0,"LINESTRING (1.7821 1.03583, 1.71685 0.951943)"
41,11,134,1,13501.406269059064,8.389405762026088,1,999999,,,0,0,,0,4,1,0,-1,0.0,"LINESTRING (2.04804 0.994818, 2.16921 0.98674)"
42,11,142,1,12500.251720811555,7.767315620572133,1,999999,,,0,0,,0,4,1,0,-1,0.0,"LINESTRING (2.04804 0.994818, 1.9393 1.0234)"
43,11,144,1,12874.501608541468,7.999864297501752,1,999999,,,0,0,,0,4,1,0,-1,0.0,"LINESTRING (2.04804 0.994818, 1.97162 1.08181)"
44,11,145,1,9147.662818145169,5.684108279260547,1,999999,,,0,0,,0,4,1,0,-1,0.0,"LINESTRING (2.04804 0.994818, 2.09092 1.06503)"
45,12,92,1,12008.03142660844,7.461463349328571,1,999999,,,0,0,,0,4,1,0,-1,0.0,"LINESTRING (1.43848 0.812134, 1.35149 0.748133)"
46,12,94,1,14179.707798774536,8.810883839819143,1,999999,,,0,0,,0,4,1,0,-1,0.0,"LINESTRING (1.43848 0.812134, 1.35211 0.905961)"
47,12,126,1,11658.579200877823,7.244323263497971,1,999999,,,0,0,,0,4,1,0,-1,0.0,"LINESTRING (1.43848 0.812134, 1.53417 0.769259)"
48,12,127,1,12979.935207037452,8.065377861134039,1,999999,,,0,0,,0,4,1,0,-1,0.0,"LINESTRING (1.43848 0.812134, 1.55281 0.835746)"
49,13,68,1,15214.532137679016,9.453895471236045,1,999999,,,0,0,,0,4,1,0,-1,0.0,"LINESTRING (1.68019 0.817105, 1.81689 0.810891)"
50,13,72,1,12176.51615282482,7.566155164741336,1,999999,,,0,0,,0,4,1,0,-1,0.0,"LINESTRING (1.68019 0.817105, 1.77713 0.868058)"
51,13,128,1,7679.544904521885,4.771859833547843,1,999999,,,0,0,,0,4,1,0,-1,0.0,"LINESTRING (1.68019 0.817105, 1.61122 0.813377)"
52,13,220,1,13471.716430697685,8.370957305912787,1,999999,,,0,0,,0,4,1,0,-1,0.0,"LINESTRING (1.68019 0.817105, 1.78148 0.750618)"
53,14,164,1,11806.57815762578,7.336285780273765,1,999999,,,0,0,,0,4,1,0,-1,0.0,"LINESTRING (0.248549 1.05198, 0.152236 1.00725)"
54,14,165,1,13118.84037169463,8.151689743431861,1,999999,,,0,0,,0,4,1,0,-1,0.0,"LINESTRING (0.248549 1.05198, 0.146023 0.993575)"
55,14,173,1,10088.883618520675,6.268957223781597,1,999999,,,0,0,,0,4,1,0,-1,0.0,"LINESTRING (0.248549 1.05198, 0.304473 0.980526)"
56,14,189,1,10379.035977077352,6.449249988863356,1,999999,,,0,0,,0,4,1,0,-1,0.0,"LINESTRING (0.248549 1.05198, 0.328706 1.09983)"
57,15,151,1,18391.190891331993,11.42778461439596,1,999999,,,0,0,,0,4,1,0,-1,0.0,"LINESTRING (0.326221 1.36951, 0.180819 1.44842)"
58,15,157,1,13666.650479689692,8.492084009401179,1,999999,,,0,0,,0,4,1,0,-1,0.0,"LINESTRING (0.326221 1.36951, 0.233015 1.44966)"
59,15,183,1,10898.18311302228,6.7718338654493655,1,999999,,,0,0,,0,4,1,0,-1,0.0,"LINESTRING (0.326221 1.36951, 0.393329 1.44096)"
60,15,184,1,9598.279396394148,5.964109135666887,1,999999,,,0,0,,0,4,1,0,-1,0.0,"LINESTRING (0.326221 1.36951, 0.391465 1.42605)"
61,16,99,1,7055.06408552072,4.383824478059776,1,999999,,,0,0,,0,4,1,0,-1,0.0,"LINESTRING (1.66217 0.280239, 1.59941 0.28956)"
62,16,100,1,8070.923911406677,5.01505207812313,1,999999,,,0,0,,0,4,1,0,-1,0.0,"LINESTRING (1.66217 0.280239, 1.7299 0.254141)"
63,16,103,1,9121.728908850291,5.667993655069962,1,999999,,,0,0,,0,4,1,0,-1,0.0,"LINESTRING (1.66217 0.280239, 1.58139 0.294531)"
64,16,104,1,10761.91296876422,6.68715931298807,1,999999,,,0,0,,0,4,1,0,-1,0.0,"LINESTRING (1.66217 0.280239, 1.56897 0.254141)"
65,17,88,1,23811.97588892036,14.79611262313766,1,999999,,,0,0,,0,4,1,0,-1,0.0,"LINESTRING (0.82394 1.65658, 0.744405 1.45774)"
66,17,89,1,24045.190728193615,14.941025966044228,1,999999,,,0,0,,0,4,1,0,-1,0.0,"LINESTRING (0.82394 1.65658, 0.731977 1.46085)"
67,17,159,1,19872.745780302903,12.348382430252716,1,999999,,,0,0,,0,4,1,0,-1,0.0,"LINESTRING (0.82394 1.65658, 0.907826 1.81441)"
68,17,160,1,16509.255793582306,10.258401452509917,1,999999,,,0,0,,0,4,1,0,-1,0.0,"LINESTRING (0.82394 1.65658, 0.970584 1.68019)"
69,18,29,1,16674.049927816046,10.36080003468257,1,999999,,,0,0,,0,4,1,0,-1,0.0,"LINESTRING (1.09672 1.54225, 1.24523 1.52112)"
70,18,30,1,14586.101497095524,9.06340580430209,1,999999,,,0,0,,0,4,1,0,-1,0.0,"LINESTRING (1.09672 1.54225, 1.19863 1.62489)"
71,18,39,1,15032.088138222069,9.340529744008146,1,999999,,,0,0,,0,4,1,0,-1,0.0,"LINESTRING (1.09672 1.54225, 1.22597 1.50248)"
72,18,47,1,20460.070896284735,12.71333024487351,1,999999,,,0,0,,0,4,1,0,-1,0.0,"LINESTRING (1.09672 1.54225, 1.26387 1.4652)"
73,19,26,1,20016.605709335603,12.437773068050012,1,999999,,,0,0,,0,4,1,0,-1,0.0,"LINESTRING (1.72493 1.42294, 1.66466 1.25331)"
74,19,136,1,20516.516902213258,12.74840425405027,1,999999,,,0,0,,0,4,1,0,-1,0.0,"LINESTRING (1.72493 1.42294, 1.64167 1.58761)"
75,19,138,1,15301.622784400948,9.508011224726253,1,999999,,,0,0,,0,4,1,0,-1,0.0,"LINESTRING (1.72493 1.42294, 1.6193 1.51118)"
76,19,139,1,13935.969518003563,8.659431517270164,1,999999,,,0,0,,0,4,1,0,-1,0.0,"LINESTRING (1.72493 1.42294, 1.60625 1.46333)"
77,20,52,1,19442.997311991807,12.081348448427187,1,999999,,,0,0,,0,4,1,0,-1,0.0,"LINESTRING (1.02278 0.927088, 1.19614 0.950079)"
78,20,53,1,21572.51290162805,13.404571378097888,1,999999,,,0,0,,0,4,1,0,-1,0.0,"LINESTRING (1.02278 0.927088, 1.21603 0.944487)"
79,20,60,1,20219.354278124967,12.56375550109049,1,999999,,,0,0,,0,4,1,0,-1,0.0,"LINESTRING (1.02278 0.927088, 1.15948 0.807163)"
80,20,190,1,19351.01121812314,12.024190797546288,1,999999,,,0,0,,0,4,1,0,-1,0.0,"LINESTRING (1.02278 0.927088, 0.935166 1.07746)"
81,21,65,1,17991.49782830609,11.179426242003611,1,999999,,,0,0,,0,4,1,0,-1,0.0,"LINESTRING (0.84631 1.23405, 0.969963 1.33844)"
82,21,190,1,20019.006436373013,12.439264814379197,1,999999,,,0,0,,0,4,1,0,-1,0.0,"LINESTRING (0.84631 1.23405, 0.935166 1.07746)"
83,21,201,1,19281.740835274737,11.981148070186995,1,999999,,,0,0,,0,4,1,0,-1,0.0,"LINESTRING (0.84631 1.23405, 0.689724 1.15948)"
84,21,208,1,17588.494749208567,10.929011115866485,1,999999,,,0,0,,0,4,1,0,-1,0.0,"LINESTRING (0.84631 1.23405, 0.714579 1.32166)"
85,22,179,1,28545.64988715138,17.7374885898265,1,999999,,,0,0,,0,4,1,0,-1,0.0,"LINESTRING (0.839475 0.85998, 0.600246 0.953186)"
86,22,190,1,26419.467419678534,16.41633677139606,1,999999,,,0,0,,0,4,1,0,-1,0.0,"LINESTRING (0.839475 0.85998, 0.935166 1.07746)"
87,22,200,1,30988.909722955003,19.255663640346356,1,999999,,,0,0,,0,4,1,0,-1,0.0,"LINESTRING (0.839475 0.85998, 0.655548 1.06938)"
88,22,206,1,18517.317292589603,11.506156121509193,1,999999,,,0,0,,0,4,1,0,-1,0.0,"LINESTRING (0.839475 0.85998, 0.839475 1.02651)"
89,23,25,1,28199.217360529718,17.522224862695094,1,999999,,,0,0,,0,4,1,0,-1,0.0,"LINESTRING (2.02816 1.41673, 1.86101 1.22597)"
90,23,54,1,26687.075285010826,16.5826210030266,1,999999,,,0,0,,0,4,1,0,-1,0.0,"LINESTRING (2.02816 1.41673, 2.11018 1.19117)"
91,23,57,1,25425.142100504152,15.798490126700482,1,999999,,,0,0,,0,4,1,0,-1,0.0,"LINESTRING (2.02816 1.41673, 1.99461 1.19055)"
92,23,223,1,25522.92657563232,15.859250733612736,1,999999,,,0,0,,0,4,1,0,-1,0.0,"LINESTRING (2.02816 1.41673, 2.0176 1.64602)"
93,24,27,1,1835.2708976956728,1.1403873001949079,1,900,110.11625386174036,68.42304677832347,0,1,,1,4,1,0,-1,1.0,"LINESTRING (1.54784 1.25393, 1.55343 1.26946)"
94,24,28,1,28809.441772117098,17.901401675293663,1,2800,136.46577322408694,84.79587397402413,0,1,,1,4,1,0,-1,12.666667,"LINESTRING (1.54784 1.25393, 1.80447 1.21789)"
95,25,23,1,28199.217360529725,17.522224862695097,1,999999,,,0,0,,0,4,1,0,-1,0.0,"LINESTRING (1.86101 1.22597, 2.02816 1.41673)"
96,25,26,1,22038.72899939866,13.694265350639805,1,2800,94.45169571170854,58.68954461608005,0,1,,1,4,1,0,-1,14.0,"LINESTRING (1.86101 1.22597, 1.66466 1.25331)"
97,26,19,1,20016.60570933563,12.437773068050028,1,999999,,,0,0,,0,4,1,0,-1,0.0,"LINESTRING (1.66466 1.25331, 1.72493 1.42294)"
98,26,27,1,12494.95343026703,7.764023407276916,1,2800,86.50352042094404,53.75077898748242,0,1,,1,4,1,0,-1,8.666667,"LINESTRING (1.66466 1.25331, 1.55343 1.26946)"
99,27,24,1,1835.2708976956756,1.1403873001949096,1,900,165.1742982054617,102.63451885022594,0,1,,1,4,1,0,-1,0.666667,"LINESTRING (1.55343 1.26946, 1.54784 1.25393)"
100,27,42,1,28270.772739645847,17.566687424438495,1,2800,77.1021074717614,47.909013621835854,0,1,,1,4,1,0,-1,22.0,"LINESTRING (1.55343 1.26946, 1.30178 1.30613)"
101,27,141,1,14732.488100532724,9.154366448688734,1,900,106.07391856679236,65.91125685376633,0,1,,1,4,1,0,-1,8.333333,"LINESTRING (1.55343 1.26946, 1.58761 1.39747)"
102,28,57,1,21355.457026481832,13.269698774952362,1,2800,113.05830523014808,70.25115217916235,0,1,,1,4,1,0,-1,11.333333,"LINESTRING (1.80447 1.21789, 1.99461 1.19055)"
103,29,9,1,15421.633290268855,9.582582481184124,1,999999,,,0,0,,0,4,1,0,-1,0.0,"LINESTRING (1.24523 1.52112, 1.37634 1.56648)"
104,29,18,1,16674.049927816046,10.36080003468257,1,999999,,,0,0,,0,4,1,0,-1,0.0,"LINESTRING (1.24523 1.52112, 1.09672 1.54225)"
105,29,30,1,12647.98789601275,7.859114852059075,1,2800,65.04679303530004,40.41819083513742,0,1,,1,4,1,0,-1,11.666667,"LINESTRING (1.24523 1.52112, 1.19863 1.62489)"
106,29,39,1,2979.818702878856,1.8515781021281124,1,2800,178.78912217273137,111.09437563359226,0,1,,1,4,1,0,-1,1.0,"LINESTRING (1.24523 1.52112, 1.22597 1.50248)"
107,30,18,1,14586.101497095537,9.063405804302098,1,999999,,,0,0,,0,4,1,0,-1,0.0,"LINESTRING (1.19863 1.62489, 1.09672 1.54225)"
108,30,36,1,15622.108622718146,9.707152387138919,1,2800,93.73265173630888,58.24275154204199,0,1,,1,4,1,0,-1,10.0,"LINESTRING (1.19863 1.62489, 1.14208 1.75351)"
109,31,1,1,12674.475588627292,7.875573582106512,1,999999,,,0,0,,0,4,1,0,-1,0.0,"LINESTRING (1.08119 1.89084, 0.974312 1.85107)"
110,31,2,1,9628.936456496494,5.983158597000321,1,999999,,,0,0,,0,4,1,0,-1,0.0,"LINESTRING (1.08119 1.89084, 1.15575 1.93495)"
111,31,40,1,16575.991469454984,10.299869182059096,1,2800,90.4144989242999,56.180947611091156,0,1,,1,4,1,0,-1,11.0,"LINESTRING (1.08119 1.89084, 1.02029 2.02692)"
112,31,216,1,14677.236295363427,9.120034483305846,1,600,80.05765252016414,49.745503604106915,0,1,,1,4,1,0,-1,11.0,"LINESTRING (1.08119 1.89084, 1.20111 1.94614)"
113,32,1,1,10266.28055893676,6.379186846121243,1,999999,,,0,0,,0,4,1,0,-1,0.0,"LINESTRING (1.0613 1.88214, 0.974312 1.85107)"
114,32,2,1,12027.48615383356,7.473551986425219,1,999999,,,0,0,,0,4,1,0,-1,0.0,"LINESTRING (1.0613 1.88214, 1.15575 1.93495)"
115,32,31,1,2412.890725746519,1.499304513494053,1,600,86.86404875406492,53.97480083836208,0,1,,1,4,1,0,-1,1.666667,"LINESTRING (1.0613 1.88214, 1.08119 1.89084)"
116,32,38,1,16675.394959937257,10.361635800972609,1,2800,120.0628485140622,74.60357224403134,0,1,,1,4,1,0,-1,8.333333,"LINESTRING (1.0613 1.88214, 1.12158 1.74481)"
117,33,32,1,13825.878923222448,8.591024223111617,1,2800,65.49100370234308,40.69421046152862,0,1,,1,4,1,0,-1,12.666667,"LINESTRING (1.01097 1.99585, 1.0613 1.88214)"
118,34,35,1,2347.911645512328,1.4589282845839464,1,2400,211.3119424401383,131.30311298597118,0,1,,1,4,1,0,-1,0.666667,"LINESTRING (1.01408 2.03686, 0.995439 2.02692)"
119,35,41,1,1267.9358863825294,0.7878607916180108,1,2800,114.11417271734128,70.90723761554706,0,1,,1,4,1,0,-1,0.666667,"LINESTRING (0.995439 2.02692, 1.00103 2.01698)"
120,35,180,1,9607.655039821566,5.969934904881235,1,2400,78.6080902625442,48.84478765452735,0,1,,1,4,1,0,-1,7.333333,"LINESTRING (0.995439 2.02692, 0.91901 1.98653)"
121,36,37,1,8537.619597252937,5.305044053620079,1,2800,139.70648979991262,86.8095612734615,0,1,,1,4,1,0,-1,3.666667,"LINESTRING (1.14208 1.75351, 1.11101 1.82373)"
122,36,38,1,2475.3045896972494,1.5380867869420072,1,600,148.51827538183497,92.28494929228617,0,1,,1,4,1,0,-1,1.0,"LINESTRING (1.14208 1.75351, 1.12158 1.74481)"
123,37,2,1,13329.22633063648,8.282417842492253,1,999999,,,0,0,,0,4,1,0,-1,0.0,"LINESTRING (1.11101 1.82373, 1.15575 1.93495)"
124,37,31,1,8165.119686731787,5.073582764817743,1,2800,31.950469033960665,19.853094894101172,0,1,,1,4,1,0,-1,15.333333,"LINESTRING (1.11101 1.82373, 1.08119 1.89084)"
125,38,36,1,2475.304589697254,1.5380867869420098,1,600,148.51827538183522,92.28494929228634,0,1,,1,4,1,0,-1,1.0,"LINESTRING (1.12158 1.74481, 1.14208 1.75351)"
126,38,39,1,29337.87747323304,18.229757213039534,1,2800,155.3181794264743,96.51021246840776,0,1,,1,4,1,0,-1,11.333333,"LINESTRING (1.12158 1.74481, 1.22597 1.50248)"
127,38,162,1,5913.101270458161,3.674239918512037,1,600,118.26202540916321,73.48459299051716,0,1,,1,4,1,0,-1,3.0,"LINESTRING (1.12158 1.74481, 1.07249 1.72431)"
128,39,9,1,18166.336757519966,11.288066385922159,1,999999,,,0,0,,0,4,1,0,-1,0.0,"LINESTRING (1.22597 1.50248, 1.37634 1.56648)"
129,39,18,1,15032.088138222065,9.340529744008144,1,999999,,,0,0,,0,4,1,0,-1,0.0,"LINESTRING (1.22597 1.50248, 1.09672 1.54225)"
130,39,49,1,4722.600870049163,2.934495426727207,1,2800,85.00682416156734,52.820775336097256,0,1,,1,4,1,0,-1,3.333333,"LINESTRING (1.22597 1.50248, 1.24088 1.46271)"
131,40,34,1,1303.0205081271156,0.8096614190457677,1,2800,234.54392600680683,145.73879384677556,0,1,,1,4,1,0,-1,0.333333,"LINESTRING (1.02029 2.02692, 1.01408 2.03686)"
132,40,84,1,14855.682775227577,9.230916260844557,1,2400,191.0016220385244,118.68286888769995,0,1,,1,4,1,0,-1,4.666667,"LINESTRING (1.02029 2.02692, 1.1396 2.08719)"
133,41,33,1,2596.2549221699924,1.6132420260292994,1,2800,116.83150070552482,72.59570642489267,0,1,,1,4,1,0,-1,1.333333,"LINESTRING (1.00103 2.01698, 1.01097 1.99585)"
134,41,40,1,2408.828999671209,1.4967806676471158,1,2400,216.79450157315804,134.7098162370148,0,1,,1,4,1,0,-1,0.666667,"LINESTRING (1.00103 2.01698, 1.02029 2.02692)"
135,42,3,1,12598.104054090476,7.828118392689225,1,999999,,,0,0,,0,4,1,0,-1,0.0,"LINESTRING (1.30178 1.30613, 1.28811 1.19366)"
136,42,43,1,2737.3090153710205,1.7008891939372792,1,2800,61.58944514716732,38.269895120540504,0,1,,1,4,1,0,-1,2.666667,"LINESTRING (1.30178 1.30613, 1.29743 1.33036)"
137,42,50,1,2510.563073029677,1.5599954472203992,1,2800,90.38025255301785,56.15966790912126,0,1,,1,4,1,0,-1,1.666667,"LINESTRING (1.30178 1.30613, 1.27941 1.30923)"
138,43,47,1,15450.687324724688,9.600635866084662,1,2800,132.43446278335446,82.29093457415574,0,1,,1,4,1,0,-1,7.0,"LINESTRING (1.29743 1.33036, 1.26387 1.4652)"
139,44,3,1,10943.519447343453,6.800004627576183,1,999999,,,0,0,,0,4,1,0,-1,0.0,"LINESTRING (1.30115 1.29121, 1.28811 1.19366)"
140,44,24,1,27735.481481485625,17.23407203045076,1,2800,116.10201820394025,72.14242715340056,0,1,,1,4,1,0,-1,14.333333,"LINESTRING (1.30115 1.29121, 1.54784 1.25393)"
141,44,42,1,1660.5082304136122,1.0317945433616342,1,2800,59.778284339233174,37.14449231815366,0,1,,1,4,1,0,-1,1.666667,"LINESTRING (1.30115 1.29121, 1.30178 1.30613)"
142,45,46,1,2278.4886381597603,1.4157907205188218,1,900,102.53201435019278,63.71042028879364,0,1,,1,4,1,0,-1,1.333333,"LINESTRING (1.22659 1.07063, 1.24647 1.06565)"
143,45,60,1,30231.445458046113,18.784995997145487,1,2800,100.7714848601537,62.61647831903857,0,1,,1,4,1,0,-1,18.0,"LINESTRING (1.22659 1.07063, 1.15948 0.807163)"
144,45,187,1,12231.427035233597,7.600275290015533,1,900,157.26119350577528,97.71754506987709,0,1,,1,4,1,0,-1,4.666667,"LINESTRING (1.22659 1.07063, 1.11971 1.09672)"
145,46,45,1,2278.488638159759,1.415790720518821,1,900,136.70931828958553,84.94720581491805,0,1,,1,4,1,0,-1,1.0,"LINESTRING (1.24647 1.06565, 1.22659 1.07063)"
146,46,62,1,13608.025848499801,8.45565626188363,1,2800,90.72017232333201,56.370884196721136,0,1,,1,4,1,0,-1,9.0,"LINESTRING (1.24647 1.06565, 1.2763 1.18434)"
147,46,95,1,20491.823440271477,12.733060410026146,1,900,115.26650324944882,71.62326239061326,0,1,,1,4,1,0,-1,10.666667,"LINESTRING (1.24647 1.06565, 1.42543 1.02154)"
148,47,9,1,16826.239119601825,10.455366249271023,1,999999,,,0,0,,0,4,1,0,-1,0.0,"LINESTRING (1.26387 1.4652, 1.37634 1.56648)"
149,47,18,1,20460.07089628474,12.713330244873514,1,999999,,,0,0,,0,4,1,0,-1,0.0,"LINESTRING (1.26387 1.4652, 1.09672 1.54225)"
150,47,48,1,2417.2665116472517,1.502023507554185,1,2800,217.553877271314,135.18167027395367,0,1,,1,4,1,0,-1,0.666667,"LINESTRING (1.26387 1.4652, 1.27506 1.48384)"
151,48,29,1,5308.346050357791,3.2984615123950136,1,2800,63.700152604293486,39.58142752388245,0,1,,1,4,1,0,-1,5.0,"LINESTRING (1.27506 1.48384, 1.24523 1.52112)"
152,49,47,1,2570.4956228386172,1.5972358997095812,1,2800,231.34449038323035,143.75075733391822,0,1,,1,4,1,0,-1,0.666667,"LINESTRING (1.24088 1.46271, 1.26387 1.4652)"
153,49,50,1,17595.47642414567,10.93334933832855,1,2800,48.72593396338902,30.276882312764997,0,1,,1,4,1,0,-1,21.666667,"LINESTRING (1.24088 1.46271, 1.27941 1.30923)"
154,50,51,1,1739.1946061513058,1.0806881119908198,1,2800,104.35167636907835,64.84110549713058,0,1,,1,4,1,0,-1,1.0,"LINESTRING (1.27941 1.30923, 1.28127 1.2937)"
155,50,63,1,20945.260432621322,13.014813794860828,1,2800,157.08945324465992,97.61083065208759,0,1,,1,4,1,0,-1,8.0,"LINESTRING (1.27941 1.30923, 1.09299 1.33657)"
156,51,44,1,2227.2723095576425,1.383966290254168,1,2800,133.63633857345854,83.03774533572852,0,1,,1,4,1,0,-1,1.0,"LINESTRING (1.28127 1.2937, 1.30115 1.29121)"
157,51,45,1,25538.306078291927,15.86880713726865,1,2800,85.12768692763974,52.895875953914434,0,1,,1,4,1,0,-1,18.0,"LINESTRING (1.28127 1.2937, 1.22659 1.07063)"
158,52,20,1,19442.997311991807,12.081348448427187,1,999999,,,0,0,,0,4,1,0,-1,0.0,"LINESTRING (1.19614 0.950079, 1.02278 0.927088)"
159,53,20,1,21572.512901628048,13.404571378097884,1,999999,,,0,0,,0,4,1,0,-1,0.0,"LINESTRING (1.21603 0.944487, 1.02278 0.927088)"
160,53,46,1,13891.279527843346,8.631662375783456,1,2800,83.34767716706007,51.789829508973284,0,1,,1,4,1,0,-1,10.0,"LINESTRING (1.21603 0.944487, 1.24647 1.06565)"
161,53,52,1,2297.1258222334327,1.4273713585901258,1,900,206.7412206303986,128.4629990043314,0,1,,1,4,1,0,-1,0.666667,"LINESTRING (1.21603 0.944487, 1.19614 0.950079)"
162,53,127,1,39347.66009130736,24.449563231702044,1,900,114.2351403580675,70.98240339943276,0,1,,1,4,1,0,-1,20.666667,"LINESTRING (1.21603 0.944487, 1.55281 0.835746)"
163,54,23,1,26687.07528501083,16.582621003026603,1,999999,,,0,0,,0,4,1,0,-1,0.0,"LINESTRING (2.11018 1.19117, 2.02816 1.41673)"
164,54,25,1,27969.28974378742,17.379354110248563,1,2800,85.33003506019831,53.021609215390484,0,1,,1,4,1,0,-1,19.666667,"LINESTRING (2.11018 1.19117, 1.86101 1.22597)"
165,54,55,1,1807.6662468624957,1.1232345227624343,1,900,81.34500144506265,50.545424892920025,0,1,,1,4,1,0,-1,1.333333,"LINESTRING (2.11018 1.19117, 2.10832 1.17502)"
166,55,54,1,1807.666246862482,1.1232345227624256,1,900,65.07597187185497,40.436321717986395,0,1,,1,4,1,0,-1,1.666667,"LINESTRING (2.10832 1.17502, 2.11018 1.19117)"
167,55,145,1,12382.38233215324,7.694074795974276,1,900,57.14945691763034,35.51101519436488,0,1,,1,4,1,0,-1,13.0,"LINESTRING (2.10832 1.17502, 2.09092 1.06503)"
168,55,222,1,10189.376697439619,6.331400883243827,1,2800,122.27252036927541,75.97659825437704,0,1,,1,4,1,0,-1,5.0,"LINESTRING (2.10832 1.17502, 2.19904 1.16197)"
169,56,54,1,4895.218593061012,3.0417553736693383,1,2800,73.42827889591518,45.626203085833716,0,1,,1,4,1,0,-1,4.0,"LINESTRING (2.15368 1.18434, 2.11018 1.19117)"
170,57,23,1,25425.14210050417,15.798490126700495,1,999999,,,0,0,,0,4,1,0,-1,0.0,"LINESTRING (1.99461 1.19055, 2.02816 1.41673)"
171,57,55,1,12758.702195587071,7.927909699371837,1,2800,79.19194193150796,49.20757614992303,0,1,,1,4,1,0,-1,9.666667,"LINESTRING (1.99461 1.19055, 2.10832 1.17502)"
172,57,144,1,12358.531819643318,7.679254737745485,1,600,101.11526493868465,62.830093290215416,0,1,,1,4,1,0,-1,7.333333,"LINESTRING (1.99461 1.19055, 1.97162 1.08181)"
173,58,59,1,10259.043442650955,6.3746898993692795,1,2800,80.28816258213084,49.88873587182122,0,1,,1,4,1,0,-1,7.666667,"LINESTRING (1.13835 0.712093, 1.17937 0.794736)"
174,58,122,1,15461.799947163714,9.607540946700956,1,2800,49.69864179983619,30.881294753806014,0,1,,1,4,1,0,-1,18.666667,"LINESTRING (1.13835 0.712093, 1.08865 0.582226)"
175,59,53,1,17143.169054851864,10.652297870463585,1,2800,110.20609071712236,68.47886879498904,0,1,,1,4,1,0,-1,9.333333,"LINESTRING (1.17937 0.794736, 1.21603 0.944487)"
176,59,60,1,2607.673181048499,1.620337020796413,1,900,156.46039086290992,97.2199495308772,0,1,,1,4,1,0,-1,1.0,"LINESTRING (1.17937 0.794736, 1.15948 0.807163)"
177,59,93,1,7022.356017197163,4.363500576135039,1,900,126.40242094979104,78.5427987079926,0,1,,1,4,1,0,-1,3.333333,"LINESTRING (1.17937 0.794736, 1.24026 0.777959)"
178,60,20,1,20219.354278124956,12.563755501090483,1,999999,,,0,0,,0,4,1,0,-1,0.0,"LINESTRING (1.15948 0.807163, 1.02278 0.927088)"
179,60,58,1,10829.22704837847,6.72898644685304,1,2800,43.31690819351388,26.915870561111916,0,1,,1,4,1,0,-1,15.0,"LINESTRING (1.15948 0.807163, 1.13835 0.712093)"
180,60,59,1,2607.6731810485003,1.6203370207964138,1,900,156.46039086291,97.21994953087726,0,1,,1,4,1,0,-1,1.0,"LINESTRING (1.15948 0.807163, 1.17937 0.794736)"
181,61,3,1,1125.525534524687,0.6993708815568414,1,999999,,,0,0,,0,4,1,0,-1,0.0,"LINESTRING (1.27816 1.19179, 1.28811 1.19366)"
182,61,44,1,11346.600599042773,7.0504682658995455,1,2800,34.61674700357546,21.50984270235869,0,1,,1,4,1,0,-1,19.666667,"LINESTRING (1.27816 1.19179, 1.30115 1.29121)"
183,62,3,1,1672.6580992047743,1.0393441405823347,1,999999,,,0,0,,0,4,1,0,-1,0.0,"LINESTRING (1.2763 1.18434, 1.28811 1.19366)"
184,62,61,1,853.8205043929119,0.530540783422342,1,2800,76.84380697345858,47.74851318290494,0,1,,1,4,1,0,-1,0.666667,"LINESTRING (1.2763 1.18434, 1.27816 1.19179)"
185,62,82,1,29701.900928479467,18.455951463630726,1,2400,198.01267285652978,123.03933254553476,0,1,,1,4,1,0,-1,9.0,"LINESTRING (1.2763 1.18434, 1.51863 1.07187)"
186,63,64,1,40744.429294851165,25.317477534176227,1,2800,146.67994252786534,91.14266256848221,0,1,,1,4,1,0,-1,16.666667,"LINESTRING (1.09299 1.33657, 0.730113 1.38815)"
187,64,67,1,988.8721488514467,0.6144581933285985,1,2800,177.9971647904252,110.6022762829913,0,1,,1,4,1,0,-1,0.333333,"LINESTRING (0.730113 1.38815, 0.721414 1.39001)"
188,64,88,1,7899.47231623388,4.908516731227634,1,900,83.64146666356656,51.972381782207016,0,1,,1,4,1,0,-1,5.666667,"LINESTRING (0.730113 1.38815, 0.744405 1.45774)"
189,65,21,1,17991.497828306074,11.1794262420036,1,999999,,,0,0,,0,4,1,0,-1,0.0,"LINESTRING (0.969963 1.33844, 0.84631 1.23405)"
190,65,51,1,34962.42710234647,21.724699008504402,1,2800,118.74031622041599,73.78178903019611,0,1,,1,4,1,0,-1,17.666667,"LINESTRING (0.969963 1.33844, 1.28127 1.2937)"
191,66,64,1,1792.2034693466298,1.1136263743811936,1,900,107.5322081607978,66.81739571708309,0,1,,1,4,1,0,-1,1.0,"LINESTRING (0.722656 1.37386, 0.730113 1.38815)"
192,66,65,1,27772.309174494145,17.256955754839964,1,2800,147.02987642467127,91.36010134387442,0,1,,1,4,1,0,-1,11.333333,"LINESTRING (0.722656 1.37386, 0.969963 1.33844)"
193,66,208,1,5873.41845781506,3.6495821006220317,1,900,132.1518987818515,82.11535749797784,0,1,,1,4,1,0,-1,2.666667,"LINESTRING (0.722656 1.37386, 0.714579 1.32166)"
194,67,66,1,1801.100081970455,1.119154486914173,1,900,46.314008724098656,28.778181914901907,0,1,,1,4,1,0,-1,2.333333,"LINESTRING (0.721414 1.39001, 0.722656 1.37386)"
195,67,185,1,19089.553755398407,11.861728258415505,1,2800,156.18726509813538,97.05023710129348,0,1,,1,4,1,0,-1,7.333333,"LINESTRING (0.721414 1.39001, 0.551779 1.41673)"
196,68,13,1,15214.532137679016,9.453895471236045,1,999999,,,0,0,,0,4,1,0,-1,0.0,"LINESTRING (1.81689 0.810891, 1.68019 0.817105)"
197,68,69,1,805.8682018518432,0.5007445299637387,1,900,145.05642138975315,90.1338536153723,0,1,,1,4,1,0,-1,0.333333,"LINESTRING (1.81689 0.810891, 1.82062 0.817105)"
198,68,77,1,15476.05424794687,9.616398180587614,1,2400,154.76054247946868,96.16371304100994,0,1,,1,4,1,0,-1,6.0,"LINESTRING (1.81689 0.810891, 1.90824 0.705879)"
199,68,220,1,7772.901982689318,4.829869376694371,1,900,174.89027274922555,108.67174366845903,0,1,,1,4,1,0,-1,2.666667,"LINESTRING (1.81689 0.810891, 1.78148 0.750618)"
200,69,68,1,805.8682018518479,0.5007445299637416,1,900,145.056421389754,90.13385361537284,0,1,,1,4,1,0,-1,0.333333,"LINESTRING (1.82062 0.817105, 1.81689 0.810891)"
201,69,72,1,7448.559515622093,4.628331810321059,1,2400,134.07408468860615,83.30974807704389,0,1,,1,4,1,0,-1,3.333333,"LINESTRING (1.82062 0.817105, 1.77713 0.868058)"
202,69,111,1,9315.273198016903,5.788256799692361,1,900,167.67493433179766,104.18834162068345,0,1,,1,4,1,0,-1,3.333333,"LINESTRING (1.82062 0.817105, 1.86225 0.889806)"
203,70,4,1,9063.083949901298,5.631553276437111,1,999999,,,0,0,,0,4,1,0,-1,0.0,"LINESTRING (1.61308 1.05696, 1.54535 1.10232)"
204,70,71,1,18000.65359410478,11.185115385254068,1,2400,202.50736559038913,125.83220426426568,0,1,,1,4,1,0,-1,5.333333,"LINESTRING (1.61308 1.05696, 1.45712 1.10045)"
205,70,75,1,1224.8211034085057,0.7610704409313792,1,900,220.4680190815501,136.99243348472186,0,1,,1,4,1,0,-1,0.333333,"LINESTRING (1.61308 1.05696, 1.60998 1.04639)"
206,71,4,1,9811.133387404663,6.096370802567925,1,999999,,,0,0,,0,4,1,0,-1,0.0,"LINESTRING (1.45712 1.10045, 1.54535 1.10232)"
207,71,24,1,19823.54510196908,12.317810470111402,1,600,162.19264911577653,100.78180857371918,0,1,,1,4,1,0,-1,7.333333,"LINESTRING (1.45712 1.10045, 1.54784 1.25393)"
208,71,61,1,22337.99829406271,13.880223131260461,1,2400,191.46855680625177,118.97300861125747,0,1,,1,4,1,0,-1,7.0,"LINESTRING (1.45712 1.10045, 1.27816 1.19179)"
209,72,13,1,12176.516152824823,7.566155164741337,1,999999,,,0,0,,0,4,1,0,-1,0.0,"LINESTRING (1.77713 0.868058, 1.68019 0.817105)"
210,72,80,1,11485.679485252527,7.136888094033908,1,2400,137.8281538230303,85.64241776917017,0,1,,1,4,1,0,-1,5.0,"LINESTRING (1.77713 0.868058, 1.71685 0.951943)"
211,73,5,1,3151.129169472442,1.958025755572124,1,999999,,,0,0,,0,4,1,0,-1,0.0,"LINESTRING (1.89705 0.730113, 1.91445 0.707744)"
212,73,69,1,12875.645035321137,8.000574791728994,1,2400,89.13907758533566,55.388437778277606,0,1,,1,4,1,0,-1,8.666667,"LINESTRING (1.89705 0.730113, 1.82062 0.817105)"
213,74,10,1,11749.412643970933,7.300764688612061,1,999999,,,0,0,,0,4,1,0,-1,0.0,"LINESTRING (1.67895 1.01284, 1.7821 1.03583)"
214,74,70,1,8814.632620561266,5.477172394000812,1,2400,198.32920917147732,123.23601903209003,0,1,,1,4,1,0,-1,2.666667,"LINESTRING (1.67895 1.01284, 1.61308 1.05696)"
215,75,4,1,9502.940938063683,5.904868416906113,1,999999,,,0,0,,0,4,1,0,-1,0.0,"LINESTRING (1.60998 1.04639, 1.54535 1.10232)"
216,75,70,1,1224.8211034085252,0.7610704409313913,1,900,220.46801908155362,136.99243348472405,0,1,,1,4,1,0,-1,0.333333,"LINESTRING (1.60998 1.04639, 1.61308 1.05696)"
217,75,76,1,8852.28915184997,5.500571135900413,1,2400,199.17648101956416,123.7624891876076,0,1,,1,4,1,0,-1,2.666667,"LINESTRING (1.60998 1.04639, 1.67584 1.00165)"
218,75,123,1,7441.384676663856,4.623873561002558,1,900,167.43113429604497,104.03685134866777,0,1,,1,4,1,0,-1,2.666667,"LINESTRING (1.60998 1.04639, 1.59258 0.981769)"
219,76,10,1,12410.034126109695,7.711256866858275,1,999999,,,0,0,,0,4,1,0,-1,0.0,"LINESTRING (1.67584 1.00165, 1.7821 1.03583)"
220,76,79,1,6173.87939751812,3.8362803369816945,1,2400,185.21638192554357,115.08808845345693,0,1,,1,4,1,0,-1,2.0,"LINESTRING (1.67584 1.00165, 1.70505 0.954429)"
221,77,5,1,720.9391933401721,0.4479719595238869,1,999999,,,0,0,,0,4,1,0,-1,0.0,"LINESTRING (1.90824 0.705879, 1.91445 0.707744)"
222,77,78,1,1124.1783509577376,0.6985337784170764,1,2400,202.3523055246983,125.73585443618731,0,1,,1,4,1,0,-1,0.333333,"LINESTRING (1.90824 0.705879, 1.91569 0.699044)"
223,78,5,1,977.172426825432,0.6071883050352518,1,999999,,,0,0,,0,4,1,0,-1,0.0,"LINESTRING (1.91569 0.699044, 1.91445 0.707744)"
224,78,96,1,9811.533710429043,6.096619552381128,1,2400,65.41022473619361,40.64401675455336,0,1,,1,4,1,0,-1,9.0,"LINESTRING (1.91569 0.699044, 1.98591 0.645606)"
225,79,10,1,12462.302116108596,7.743734770843077,1,999999,,,0,0,,0,4,1,0,-1,0.0,"LINESTRING (1.70505 0.954429, 1.7821 1.03583)"
226,79,68,1,20232.729468781792,12.572066479912134,1,2400,95.83924233003894,59.55172584585863,0,1,,1,4,1,0,-1,12.666667,"LINESTRING (1.70505 0.954429, 1.81689 0.810891)"
227,79,80,1,1340.727144320932,0.833091294767378,1,900,241.33112730889505,149.95616390705544,0,1,,1,4,1,0,-1,0.333333,"LINESTRING (1.70505 0.954429, 1.71685 0.951943)"
228,79,123,1,12868.574548567316,7.996181384025325,1,900,165.4530895206448,102.80775168853258,0,1,,1,4,1,0,-1,4.666667,"LINESTRING (1.70505 0.954429, 1.59258 0.981769)"
229,80,10,1,11816.699777850037,7.342575079131842,1,999999,,,0,0,,0,4,1,0,-1,0.0,"LINESTRING (1.71685 0.951943, 1.7821 1.03583)"
230,80,79,1,1340.727144320932,0.833091294767378,1,900,241.33112730889505,149.95616390705544,0,1,,1,4,1,0,-1,0.333333,"LINESTRING (1.71685 0.951943, 1.70505 0.954429)"
231,80,81,1,1705.977130301914,1.0600476781176844,1,2400,153.5378649582398,95.40397668696642,0,1,,1,4,1,0,-1,0.666667,"LINESTRING (1.71685 0.951943, 1.70878 0.964992)"
232,81,74,1,6269.465278914047,3.895674797689766,1,2400,161.21484448848184,100.17422913465245,0,1,,1,4,1,0,-1,2.333333,"LINESTRING (1.70878 0.964992, 1.67895 1.01284)"
233,82,4,1,4504.298456714367,2.7988482587361077,1,999999,,,0,0,,0,4,1,0,-1,0.0,"LINESTRING (1.51863 1.07187, 1.54535 1.10232)"
234,82,75,1,10543.734319937923,6.551589048888317,1,2400,189.7872367376063,117.92828507888316,0,1,,1,4,1,0,-1,3.333333,"LINESTRING (1.51863 1.07187, 1.60998 1.04639)"
235,84,83,1,7154.9874408764135,4.445914126832375,1,2400,160.98719729631964,100.03277577121143,0,1,,1,4,1,0,-1,2.666667,"LINESTRING (1.1396 2.08719, 1.19925 2.11142)"
236,84,85,1,1116.1503230148094,0.693545380724278,1,900,200.90725904992473,124.83794446311079,0,1,,1,4,1,0,-1,0.333333,"LINESTRING (1.1396 2.08719, 1.13587 2.09651)"
237,84,216,1,17108.835417940234,10.630963884536666,1,900,162.0837124901555,100.71411851372042,0,1,,1,4,1,0,-1,6.333333,"LINESTRING (1.1396 2.08719, 1.20111 1.94614)"
238,85,34,1,15071.604538451269,9.365084157761114,1,2400,193.7777587959621,120.40787976080576,0,1,,1,4,1,0,-1,4.666667,"LINESTRING (1.13587 2.09651, 1.01408 2.03686)"
239,85,84,1,1116.1503230148166,0.6935453807242825,1,900,200.90725904992604,124.8379444631116,0,1,,1,4,1,0,-1,0.333333,"LINESTRING (1.13587 2.09651, 1.1396 2.08719)"
240,86,119,1,14746.672242615823,9.163180087871938,1,2800,165.9000730981826,103.08549432109082,0,1,,1,4,1,0,-1,5.333333,"LINESTRING (1.37075 0.231772, 1.49129 0.17647)"
241,86,120,1,17501.00193219981,10.874645464724553,1,900,82.89948065517066,51.511333194184054,0,1,,1,4,1,0,-1,12.666667,"LINESTRING (1.37075 0.231772, 1.42791 0.378416)"
242,86,191,1,31572.075980614998,19.618027253790373,1,2800,145.71727375668462,90.54448811146489,0,1,,1,4,1,0,-1,13.0,"LINESTRING (1.37075 0.231772, 1.10977 0.343619)"
243,87,86,1,11196.179592068851,6.95700075314654,1,2800,167.94269388103277,104.3547196395512,0,1,,1,4,1,0,-1,4.0,"LINESTRING (1.27879 0.272783, 1.37075 0.231772)"
244,88,17,1,23811.97588892036,14.79611262313766,1,999999,,,0,0,,0,4,1,0,-1,0.0,"LINESTRING (0.744405 1.45774, 0.82394 1.65658)"
245,88,89,1,1424.109568246724,0.8849028597106416,1,900,256.33997862438895,159.2822288578152,0,1,,1,4,1,0,-1,0.333333,"LINESTRING (0.744405 1.45774, 0.731977 1.46085)"
246,88,91,1,3454.189891604232,2.146339425854221,1,900,124.3508112275901,77.26798792329889,0,1,,1,4,1,0,-1,1.666667,"LINESTRING (0.744405 1.45774, 0.774852 1.45153)"
247,88,213,1,28587.95801746515,17.763777708542104,1,900,119.67052471661049,74.35979361368497,0,1,,1,4,1,0,-1,14.333333,"LINESTRING (0.744405 1.45774, 0.567935 1.64477)"
248,89,17,1,24045.19072819362,14.94102596604423,1,999999,,,0,0,,0,4,1,0,-1,0.0,"LINESTRING (0.731977 1.46085, 0.82394 1.65658)"
249,89,88,1,1424.1095682467244,0.884902859710642,1,900,85.44657409480347,53.09402319186213,0,1,,1,4,1,0,-1,1.0,"LINESTRING (0.731977 1.46085, 0.744405 1.45774)"
250,89,90,1,5964.016486925296,3.705877245905338,1,900,56.50121179725079,35.10821447566952,0,1,,1,4,1,0,-1,6.333333,"LINESTRING (0.731977 1.46085, 0.722656 1.40803)"
251,90,67,1,2008.486249581698,1.2480185974260867,1,900,180.76367208051676,112.32130368434278,0,1,,1,4,1,0,-1,0.666667,"LINESTRING (0.722656 1.40803, 0.721414 1.39001)"
252,91,160,1,33463.578643377565,20.79335543973155,1,600,84.83724043620734,52.71540092708659,0,1,,1,4,1,0,-1,23.666667,"LINESTRING (0.774852 1.45153, 0.970584 1.68019)"
253,92,12,1,12008.031426608439,7.46146334932857,1,999999,,,0,0,,0,4,1,0,-1,0.0,"LINESTRING (1.35149 0.748133, 1.43848 0.812134)"
254,92,59,1,19826.355391263536,12.319556707261075,1,900,169.94018906797317,105.59590522135555,0,1,,1,4,1,0,-1,7.0,"LINESTRING (1.35149 0.748133, 1.17937 0.794736)"
255,93,125,1,32052.23350808631,19.916384050658227,1,900,164.8400533318709,102.42682877887796,0,1,,1,4,1,0,-1,11.666667,"LINESTRING (1.24026 0.777959, 1.50621 0.666733)"
256,94,12,1,14179.707798774529,8.810883839819137,1,999999,,,0,0,,0,4,1,0,-1,0.0,"LINESTRING (1.35211 0.905961, 1.43848 0.812134)"
257,94,53,1,15724.254809254358,9.770623242605266,1,900,166.4920999513932,103.45336263889713,0,1,,1,4,1,0,-1,5.666667,"LINESTRING (1.35211 0.905961, 1.21603 0.944487)"
258,95,46,1,20491.823440271477,12.733060410026146,1,900,167.6603812231476,104.17929874100845,0,1,,1,4,1,0,-1,7.333333,"LINESTRING (1.42543 1.02154, 1.24647 1.06565)"
259,95,129,1,12650.188277742569,7.860482109276207,1,900,108.43018523779344,67.37537263139295,0,1,,1,4,1,0,-1,7.0,"LINESTRING (1.42543 1.02154, 1.53603 0.994818)"
260,96,5,1,10529.505071903424,6.5427473820966515,1,999999,,,0,0,,0,4,1,0,-1,0.0,"LINESTRING (1.98591 0.645606, 1.91445 0.707744)"
261,96,97,1,1114.0078366722028,0.6922140981223377,1,900,200.52161112260762,124.59831402486583,0,1,,1,4,1,0,-1,0.333333,"LINESTRING (1.98591 0.645606, 1.99088 0.654305)"
262,97,73,1,13412.558929479837,8.33419844748769,1,2400,142.01532148770877,88.2442023281391,0,1,,1,4,1,0,-1,5.666667,"LINESTRING (1.99088 0.654305, 1.89705 0.730113)"
263,97,96,1,1114.0078366721928,0.6922140981223315,1,900,200.52161112260583,124.5983140248647,0,1,,1,4,1,0,-1,0.333333,"LINESTRING (1.99088 0.654305, 1.98591 0.645606)"
264,97,133,1,14039.007196150225,8.723456321318197,1,900,168.4680863538027,104.68118328574874,0,1,,1,4,1,0,-1,5.0,"LINESTRING (1.99088 0.654305, 2.05177 0.76491)"
265,98,108,1,6169.886260876436,3.833799110738835,1,600,158.65424080171417,98.58314426120194,0,1,,1,4,1,0,-1,2.333333,"LINESTRING (1.80944 0.924603, 1.76346 0.955671)"
266,99,8,1,13131.803565772505,8.159744718811753,1,999999,,,0,0,,0,4,1,0,-1,0.0,"LINESTRING (1.59941 0.28956, 1.4826 0.306958)"
267,99,16,1,7055.064085520719,4.383824478059776,1,999999,,,0,0,,0,4,1,0,-1,0.0,"LINESTRING (1.59941 0.28956, 1.66217 0.280239)"
268,99,100,1,15034.694546170324,9.34214929484778,1,900,169.1403242156864,105.09889239822527,0,1,,1,4,1,0,-1,5.333333,"LINESTRING (1.59941 0.28956, 1.7299 0.254141)"
269,99,110,1,6247.850527282539,3.8822439803164897,1,900,160.6590365099848,99.82886617524576,0,1,,1,4,1,0,-1,2.333333,"LINESTRING (1.59941 0.28956, 1.58947 0.234258)"
270,99,114,1,10473.198809685146,6.507760205851558,1,900,99.21978341911102,61.65229604291644,0,1,,1,4,1,0,-1,6.333333,"LINESTRING (1.59941 0.28956, 1.50807 0.31255)"
271,100,16,1,8070.923911406677,5.01505207812313,1,999999,,,0,0,,0,4,1,0,-1,0.0,"LINESTRING (1.7299 0.254141, 1.66217 0.280239)"
272,100,99,1,15034.69454617032,9.342149294847777,1,900,142.43395582866387,88.5043295672127,0,1,,1,4,1,0,-1,6.333333,"LINESTRING (1.7299 0.254141, 1.59941 0.28956)"
273,100,106,1,11625.103155110957,7.223522161327599,1,900,160.96297914484242,100.01772731420988,0,1,,1,4,1,0,-1,4.333333,"LINESTRING (1.7299 0.254141, 1.82497 0.210645)"
274,100,107,1,13595.540465389708,8.447898185212392,1,600,122.35985807051446,76.03086736913365,0,1,,1,4,1,0,-1,6.666667,"LINESTRING (1.7299 0.254141, 1.83926 0.308822)"
275,101,111,1,12040.537107842925,7.481661493433909,1,900,135.45605092923608,84.16846182195036,0,1,,1,4,1,0,-1,5.333333,"LINESTRING (1.91631 0.983633, 1.86225 0.889806)"
276,101,144,1,12529.532354790615,7.785509808238543,1,900,161.09397591202392,100.09912490643022,0,1,,1,4,1,0,-1,4.666667,"LINESTRING (1.91631 0.983633, 1.97162 1.08181)"
277,102,112,1,15089.990887494085,9.376508933782846,1,600,69.64611178843423,43.27607412809116,0,1,,1,4,1,0,-1,13.0,"LINESTRING (1.83678 0.342998, 1.96354 0.391465)"
278,103,16,1,9121.728908850291,5.667993655069962,1,999999,,,0,0,,0,4,1,0,-1,0.0,"LINESTRING (1.58139 0.294531, 1.66217 0.280239)"
279,103,99,1,2078.553506157984,1.2915564803944377,1,900,187.06972201935753,116.2397002408902,0,1,,1,4,1,0,-1,0.666667,"LINESTRING (1.58139 0.294531, 1.59941 0.28956)"
280,104,16,1,10761.912968764222,6.687159312988071,1,999999,,,0,0,,0,4,1,0,-1,0.0,"LINESTRING (1.56897 0.254141, 1.66217 0.280239)"
281,104,116,1,6693.955485662194,4.159441439137905,1,900,172.13030850707193,106.95678192734779,0,1,,1,4,1,0,-1,2.333333,"LINESTRING (1.56897 0.254141, 1.52609 0.296395)"
282,105,107,1,12094.648973219282,7.515285131308041,1,600,136.06480945276752,84.54672671447561,0,1,,1,4,1,0,-1,5.333333,"LINESTRING (1.88338 0.408242, 1.83926 0.308822)"
283,106,100,1,11625.103155110957,7.223522161327599,1,900,123.08932028415597,76.48413403428628,0,1,,1,4,1,0,-1,5.666667,"LINESTRING (1.82497 0.210645, 1.7299 0.254141)"
284,106,107,1,11031.831861714776,6.854879554174244,1,600,99.28648179110888,61.69374047702312,0,1,,1,4,1,0,-1,6.666667,"LINESTRING (1.82497 0.210645, 1.83926 0.308822)"
285,106,118,1,9199.933992246642,5.716588161759879,1,900,150.54436073273044,93.54389997285745,0,1,,1,4,1,0,-1,3.666667,"LINESTRING (1.82497 0.210645, 1.80447 0.130488)"
286,107,100,1,13595.540465389711,8.447898185212393,1,600,122.35985807051449,76.03086736913366,0,1,,1,4,1,0,-1,6.666667,"LINESTRING (1.83926 0.308822, 1.7299 0.254141)"
287,107,102,1,3810.1951963737497,2.3675514163407048,1,600,97.97646190339097,60.87973210937195,0,1,,1,4,1,0,-1,2.333333,"LINESTRING (1.83926 0.308822, 1.83678 0.342998)"
288,107,106,1,11031.831861714776,6.854879554174244,1,600,82.73873896286082,51.411452968091794,0,1,,1,4,1,0,-1,8.0,"LINESTRING (1.83926 0.308822, 1.82497 0.210645)"
289,108,74,1,11344.147663992464,7.048944078934511,1,600,157.0728258916515,97.60049889712138,0,1,,1,4,1,0,-1,4.333333,"LINESTRING (1.76346 0.955671, 1.67895 1.01284)"
290,109,106,1,20123.63430283967,12.504277718095413,1,900,109.7652780154891,68.20496056576248,0,1,,1,4,1,0,-1,11.0,"LINESTRING (1.76905 0.0385251, 1.82497 0.210645)"
291,109,115,1,7953.8735544193405,4.942320177476072,1,600,89.48108307978528,55.60095007436926,0,1,,1,4,1,0,-1,5.333333,"LINESTRING (1.76905 0.0385251, 1.82932 0.0)"
292,109,117,1,25955.521024133923,16.128053129937694,1,2800,119.79471241907964,74.43696025055594,0,1,,1,4,1,0,-1,13.0,"LINESTRING (1.76905 0.0385251, 1.56027 0.142916)"
293,110,99,1,6247.850527282537,3.8822439803164883,1,900,74.97420632739045,46.58679755985693,0,1,,1,4,1,0,-1,5.0,"LINESTRING (1.58947 0.234258, 1.59941 0.28956)"
294,110,117,1,10663.134024107225,6.625780769823174,1,900,174.48763180469714,108.42155426211647,0,1,,1,4,1,0,-1,3.666667,"LINESTRING (1.58947 0.234258, 1.56027 0.142916)"
295,111,69,1,9315.2731980169,5.788256799692358,1,900,41.91873043904431,26.047083451639402,0,1,,1,4,1,0,-1,13.333333,"LINESTRING (1.86225 0.889806, 1.82062 0.817105)"
296,111,98,1,7031.740148831055,4.369331619689473,1,600,158.21413357193205,98.309674391725,0,1,,1,4,1,0,-1,2.666667,"LINESTRING (1.86225 0.889806, 1.80944 0.924603)"
297,111,101,1,12040.537107842927,7.48166149343391,1,900,166.71514200975915,103.59195450574606,0,1,,1,4,1,0,-1,4.333333,"LINESTRING (1.86225 0.889806, 1.91631 0.983633)"
298,112,105,1,9106.314127857417,5.658415330419562,1,600,136.59471191786125,84.87599273911336,0,1,,1,4,1,0,-1,4.0,"LINESTRING (1.96354 0.391465, 1.88338 0.408242)"
299,112,115,1,46016.439919604025,28.59336120372577,1,600,162.41096442213185,100.9174633739445,0,1,,1,4,1,0,-1,17.0,"LINESTRING (1.96354 0.391465, 1.82932 0.0)"
300,112,130,1,6761.533004377097,4.201432266877787,1,600,173.86801637941338,108.03654320569247,0,1,,1,4,1,0,-1,2.333333,"LINESTRING (1.96354 0.391465, 1.97534 0.451117)"
301,113,8,1,6428.102729478744,3.9942477844822997,1,999999,,,0,0,,0,4,1,0,-1,0.0,"LINESTRING (1.54038 0.305094, 1.4826 0.306958)"
302,113,103,1,4708.886661933978,2.9259737916996897,1,900,141.26659985801933,87.77896842037734,0,1,,1,4,1,0,-1,2.0,"LINESTRING (1.54038 0.305094, 1.58139 0.294531)"
303,114,8,1,2899.554190426821,1.801703922369929,1,999999,,,0,0,,0,4,1,0,-1,0.0,"LINESTRING (1.50807 0.31255, 1.4826 0.306958)"
304,114,120,1,11536.307051894884,7.168346683668389,1,900,45.14207205398154,28.049974454254567,0,1,,1,4,1,0,-1,15.333333,"LINESTRING (1.50807 0.31255, 1.42791 0.378416)"
305,115,109,1,7953.8735544193405,4.942320177476072,1,600,159.0774710883868,98.846127287662,0,1,,1,4,1,0,-1,3.0,"LINESTRING (1.82932 0.0, 1.76905 0.0385251)"
306,115,112,1,46016.439919604025,28.59336120372577,1,600,82.00949607444782,50.95832258527572,0,1,,1,4,1,0,-1,33.666667,"LINESTRING (1.82932 0.0, 1.96354 0.391465)"
307,116,8,1,4976.405041527139,3.0922024193316138,1,999999,,,0,0,,0,4,1,0,-1,0.0,"LINESTRING (1.52609 0.296395, 1.4826 0.306958)"
308,116,110,1,9869.429481250816,6.132594405937103,1,900,161.49974046594602,100.35125523306534,0,1,,1,4,1,0,-1,3.666667,"LINESTRING (1.52609 0.296395, 1.58947 0.234258)"
309,116,114,1,2691.0479627092946,1.6721438370445616,1,900,121.0971885962154,75.24628117521897,0,1,,1,4,1,0,-1,1.333333,"LINESTRING (1.52609 0.296395, 1.50807 0.31255)"
310,117,109,1,25955.521024133923,16.128053129937694,1,2800,79.18633398572496,49.2040915350439,0,1,,1,4,1,0,-1,19.666667,"LINESTRING (1.56027 0.142916, 1.76905 0.0385251)"
311,117,110,1,10663.134024107223,6.625780769823172,1,900,127.95760828928668,79.50914702032236,0,1,,1,4,1,0,-1,5.0,"LINESTRING (1.56027 0.142916, 1.58947 0.234258)"
312,117,119,1,8529.52128174859,5.300011981152889,1,2800,170.5904256349718,105.99994336722807,0,1,,1,4,1,0,-1,3.0,"LINESTRING (1.56027 0.142916, 1.49129 0.17647)"
313,118,109,1,10958.075719200286,6.809049498055281,1,900,31.308787769143674,19.454372764900572,0,1,,1,4,1,0,-1,21.0,"LINESTRING (1.80447 0.130488, 1.76905 0.0385251)"
314,119,86,1,14746.67224261582,9.163180087871936,1,2800,176.96006691138982,109.9578537367972,0,1,,1,4,1,0,-1,5.0,"LINESTRING (1.49129 0.17647, 1.37075 0.231772)"
315,119,116,1,13885.156135558085,8.627857466761583,1,600,166.62187362669704,103.53400023729436,0,1,,1,4,1,0,-1,5.0,"LINESTRING (1.49129 0.17647, 1.52609 0.296395)"
316,119,117,1,8529.521281748588,5.300011981152888,1,2800,109.66526578924856,68.14281586873118,0,1,,1,4,1,0,-1,4.666667,"LINESTRING (1.49129 0.17647, 1.56027 0.142916)"
317,120,86,1,17501.00193219981,10.874645464724553,1,900,165.7989743997337,103.02267452173693,0,1,,1,4,1,0,-1,6.333333,"LINESTRING (1.42791 0.378416, 1.37075 0.231772)"
318,120,116,1,14225.333093306193,8.839234153942732,1,900,170.7039971196743,106.07051339424915,0,1,,1,4,1,0,-1,5.0,"LINESTRING (1.42791 0.378416, 1.52609 0.296395)"
319,120,121,1,4241.813042898864,2.6357469788229118,1,600,109.07520811385766,67.77617114091585,0,1,,1,4,1,0,-1,2.333333,"LINESTRING (1.42791 0.378416, 1.43599 0.415698)"
320,121,120,1,4241.813042898868,2.635746978822914,1,600,152.70523900331145,94.88660706472663,0,1,,1,4,1,0,-1,1.666667,"LINESTRING (1.43599 0.415698, 1.42791 0.378416)"
321,121,125,1,28985.24868415252,18.010643297347062,1,600,168.30144940157754,104.57763991610764,0,1,,1,4,1,0,-1,10.333333,"LINESTRING (1.43599 0.415698, 1.50621 0.666733)"
322,122,192,1,23508.473812508397,14.60752470733866,1,2800,86.35766066549331,53.66014596537825,0,1,,1,4,1,0,-1,16.333333,"LINESTRING (1.08865 0.582226, 1.0029 0.388979)"
323,123,79,1,12868.574548567316,7.996181384025325,1,900,100.71057904484947,62.57863321167716,0,1,,1,4,1,0,-1,7.666667,"LINESTRING (1.59258 0.981769, 1.70505 0.954429)"
324,123,95,1,19102.369022113115,11.86969131576492,1,900,163.7345916181124,101.73992692833812,0,1,,1,4,1,0,-1,7.0,"LINESTRING (1.59258 0.981769, 1.42543 1.02154)"
325,123,124,1,7005.532617223382,4.353046974053576,1,900,180.14229303464307,111.93519676522921,0,1,,1,4,1,0,-1,2.333333,"LINESTRING (1.59258 0.981769, 1.57642 0.920874)"
326,124,123,1,7005.53261722338,4.3530469740535755,1,900,180.14229303464305,111.93519676522918,0,1,,1,4,1,0,-1,2.333333,"LINESTRING (1.57642 0.920874, 1.59258 0.981769)"
327,124,127,1,9823.05035202493,6.103775679486579,1,900,160.74080932942525,99.8796774338343,0,1,,1,4,1,0,-1,3.666667,"LINESTRING (1.57642 0.920874, 1.55281 0.835746)"
328,125,92,1,19438.664276437197,12.078656018266619,1,900,166.6171223694617,103.53104794383478,0,1,,1,4,1,0,-1,7.0,"LINESTRING (1.50621 0.666733, 1.35149 0.748133)"
329,125,126,1,11816.652583118033,7.342545753612061,1,900,163.6152021981883,101.66574180509048,0,1,,1,4,1,0,-1,4.333333,"LINESTRING (1.50621 0.666733, 1.53417 0.769259)"
330,125,221,1,12253.300170878807,7.61386666017051,1,600,169.66109233994445,105.42248260836362,0,1,,1,4,1,0,-1,4.333333,"LINESTRING (1.50621 0.666733, 1.477 0.560478)"
331,126,12,1,11658.579200877824,7.2443232634979715,1,999999,,,0,0,,0,4,1,0,-1,0.0,"LINESTRING (1.53417 0.769259, 1.43848 0.812134)"
332,126,125,1,11816.65258311804,7.3425457536120655,1,900,163.61520219818843,101.66574180509055,0,1,,1,4,1,0,-1,4.333333,"LINESTRING (1.53417 0.769259, 1.50621 0.666733)"
333,126,127,1,7678.020589869883,4.7709126659810135,1,900,172.75544167764215,107.34522155067819,0,1,,1,4,1,0,-1,2.666667,"LINESTRING (1.53417 0.769259, 1.55281 0.835746)"
334,127,12,1,12979.935207037452,8.065377861134039,1,999999,,,0,0,,0,4,1,0,-1,0.0,"LINESTRING (1.55281 0.835746, 1.43848 0.812134)"
335,127,94,1,23640.74593291012,14.689714996775152,1,900,170.21337752548794,105.76565660638997,0,1,,1,4,1,0,-1,8.333333,"LINESTRING (1.55281 0.835746, 1.35211 0.905961)"
336,127,124,1,9823.050352024942,6.103775679486587,1,900,160.74080932942547,99.87967743383443,0,1,,1,4,1,0,-1,3.666667,"LINESTRING (1.55281 0.835746, 1.57642 0.920874)"
337,127,126,1,7678.020589869892,4.770912665981019,1,900,172.75544167764238,107.34522155067833,0,1,,1,4,1,0,-1,2.666667,"LINESTRING (1.55281 0.835746, 1.53417 0.769259)"
338,127,220,1,27129.48470230099,16.857522153367835,1,900,168.3898992422165,104.63260008203531,0,1,,1,4,1,0,-1,9.666667,"LINESTRING (1.55281 0.835746, 1.78148 0.750618)"
339,128,13,1,7679.544904521886,4.771859833547843,1,999999,,,0,0,,0,4,1,0,-1,0.0,"LINESTRING (1.61122 0.813377, 1.68019 0.817105)"
340,128,127,1,6954.2668284421015,4.321191810582041,1,900,178.82402970622968,111.11606616258965,0,1,,1,4,1,0,-1,2.333333,"LINESTRING (1.61122 0.813377, 1.55281 0.835746)"
341,129,123,1,6452.40794360891,4.00935038190122,1,900,129.0481588721782,80.18678352656424,0,1,,1,4,1,0,-1,3.0,"LINESTRING (1.53603 0.994818, 1.59258 0.981769)"
342,131,132,1,6427.307916658054,3.9937539094647834,1,600,165.2736557531579,102.69625674899548,0,1,,1,4,1,0,-1,2.333333,"LINESTRING (2.13069 0.788522, 2.07911 0.81462)"
343,132,97,1,20347.226158392394,12.643211601272817,1,900,62.07628214295505,38.572401511450124,0,1,,1,4,1,0,-1,19.666667,"LINESTRING (2.07911 0.81462, 1.99088 0.654305)"
344,132,135,1,7262.9534184847735,4.513001241803954,1,900,145.25906836969546,90.25977257194603,0,1,,1,4,1,0,-1,3.0,"LINESTRING (2.07911 0.81462, 2.10956 0.872407)"
345,133,132,1,6308.2193510794405,3.9197555215675006,1,900,162.21137791509673,100.79344610648157,0,1,,1,4,1,0,-1,2.333333,"LINESTRING (2.05177 0.76491, 2.07911 0.81462)"
346,134,11,1,13501.406269059064,8.389405762026088,1,999999,,,0,0,,0,4,1,0,-1,0.0,"LINESTRING (2.16921 0.98674, 2.04804 0.994818)"
347,134,132,1,21602.00041479481,13.422894114851314,1,900,149.55230481195233,92.92746519330763,0,1,,1,4,1,0,-1,8.666667,"LINESTRING (2.16921 0.98674, 2.07911 0.81462)"
348,134,143,1,7880.633382141316,4.8968107311949725,1,900,177.31422893390098,110.17791974688699,0,1,,1,4,1,0,-1,2.666667,"LINESTRING (2.16921 0.98674, 2.20214 1.0495)"
349,135,134,1,14339.08773128383,8.909918184649502,1,900,161.31474705911475,100.23630569486919,0,1,,1,4,1,0,-1,5.333333,"LINESTRING (2.10956 0.872407, 2.16921 0.98674)"
350,136,19,1,20516.516902213247,12.748404254050262,1,999999,,,0,0,,0,4,1,0,-1,0.0,"LINESTRING (1.64167 1.58761, 1.72493 1.42294)"
351,136,138,1,8854.924599575199,5.502208731265736,1,900,132.82386899362797,82.53290030043961,0,1,,1,4,1,0,-1,4.0,"LINESTRING (1.64167 1.58761, 1.6193 1.51118)"
352,136,140,1,36593.912764884364,22.738459719440495,1,900,106.24039018449669,66.0146974893309,0,1,,1,4,1,0,-1,20.666667,"LINESTRING (1.64167 1.58761, 1.32415 1.6746)"
353,137,136,1,16252.46458690424,10.098838397668759,1,900,162.5246458690424,100.98810172829273,0,1,,1,4,1,0,-1,6.0,"LINESTRING (1.50062 1.62613, 1.64167 1.58761)"
354,138,19,1,15301.622784400954,9.508011224726257,1,999999,,,0,0,,0,4,1,0,-1,0.0,"LINESTRING (1.6193 1.51118, 1.72493 1.42294)"
355,138,139,1,5514.884117222382,3.4267986362250253,1,900,141.81132613019355,88.1174455288445,0,1,,1,4,1,0,-1,2.333333,"LINESTRING (1.6193 1.51118, 1.60625 1.46333)"
356,139,19,1,13935.969518003563,8.659431517270164,1,999999,,,0,0,,0,4,1,0,-1,0.0,"LINESTRING (1.60625 1.46333, 1.72493 1.42294)"
357,139,141,1,7610.791881057888,4.72913857920507,1,900,54.79770373552494,34.04970396784687,0,1,,1,4,1,0,-1,8.333333,"LINESTRING (1.60625 1.46333, 1.58761 1.39747)"
358,140,9,1,13348.760845946188,8.294556057729373,1,999999,,,0,0,,0,4,1,0,-1,0.0,"LINESTRING (1.32415 1.6746, 1.37634 1.56648)"
359,140,219,1,1057.4300423618777,0.6570581992381211,1,900,190.33759796273594,118.2702635837032,0,1,,1,4,1,0,-1,0.333333,"LINESTRING (1.32415 1.6746, 1.31482 1.67646)"
360,141,27,1,14732.48810053274,9.154366448688743,1,900,33.148097811847435,20.597266685445454,0,1,,1,4,1,0,-1,26.666667,"LINESTRING (1.58761 1.39747, 1.55343 1.26946)"
361,141,136,1,21980.0134563467,13.657781112969728,1,900,101.44621595236939,63.03573665253972,0,1,,1,4,1,0,-1,13.0,"LINESTRING (1.58761 1.39747, 1.64167 1.58761)"
362,142,11,1,12500.251720811557,7.767315620572134,1,999999,,,0,0,,0,4,1,0,-1,0.0,"LINESTRING (1.9393 1.0234, 2.04804 0.994818)"
363,142,101,1,5107.465388610333,3.173639745864972,1,900,153.22396165831,95.20892627958574,0,1,,1,4,1,0,-1,2.0,"LINESTRING (1.9393 1.0234, 1.91631 0.983633)"
364,143,134,1,7880.633382141319,4.896810731194974,1,900,157.61266764282638,97.93594090589067,0,1,,1,4,1,0,-1,3.0,"LINESTRING (2.20214 1.0495, 2.16921 0.98674)"
365,143,145,1,12485.013365135314,7.7578469218035435,1,900,112.36511466796209,69.82042366634627,0,1,,1,4,1,0,-1,6.666667,"LINESTRING (2.20214 1.0495, 2.09092 1.06503)"
366,144,11,1,12874.501608541454,7.999864297501743,1,999999,,,0,0,,0,4,1,0,-1,0.0,"LINESTRING (1.97162 1.08181, 2.04804 0.994818)"
367,144,57,1,12358.531819643298,7.679254737745473,1,600,171.11814605030304,106.32785352942285,0,1,,1,4,1,0,-1,4.333333,"LINESTRING (1.97162 1.08181, 1.99461 1.19055)"
368,144,142,1,7422.601162779888,4.612201997576578,1,900,133.6068342907214,83.01941223005984,0,1,,1,4,1,0,-1,3.333333,"LINESTRING (1.97162 1.08181, 1.9393 1.0234)"
369,144,146,1,5440.980529057934,3.3808769613990424,1,900,108.81961058115868,67.61735024642515,0,1,,1,4,1,0,-1,3.0,"LINESTRING (1.97162 1.08181, 2.02008 1.07497)"
370,145,11,1,9147.662818145162,5.684108279260543,1,999999,,,0,0,,0,4,1,0,-1,0.0,"LINESTRING (2.09092 1.06503, 2.04804 0.994818)"
371,145,55,1,12382.38233215324,7.694074795974276,1,900,171.44838394122823,106.53305377794493,0,1,,1,4,1,0,-1,4.333333,"LINESTRING (2.09092 1.06503, 2.10832 1.17502)"
372,145,143,1,12485.013365135319,7.757846921803547,1,900,160.52158894305487,99.74346024313495,0,1,,1,4,1,0,-1,4.666667,"LINESTRING (2.09092 1.06503, 2.20214 1.0495)"
373,145,146,1,7952.8658140651805,4.941693995094375,1,900,119.2929872109777,74.12520275627243,0,1,,1,4,1,0,-1,4.0,"LINESTRING (2.09092 1.06503, 2.02008 1.07497)"
374,146,144,1,5440.980529057938,3.3808769613990446,1,900,122.42204660104777,76.06950951853965,0,1,,1,4,1,0,-1,2.666667,"LINESTRING (2.02008 1.07497, 1.97162 1.08181)"
375,146,145,1,7952.865814065183,4.941693995094377,1,900,159.05731628130366,98.83360367502993,0,1,,1,4,1,0,-1,3.0,"LINESTRING (2.02008 1.07497, 2.09092 1.06503)"
376,147,148,1,1885.4633528297204,1.1715755234007237,1,2800,169.69161690886637,105.4414496902792,0,1,,1,4,1,0,-1,0.666667,"LINESTRING (0.147887 1.49875, 0.139809 1.48384)"
377,148,147,1,1885.4633528297181,1.1715755234007224,1,2800,169.69161690886617,105.44144969027909,0,1,,1,4,1,0,-1,0.666667,"LINESTRING (0.139809 1.48384, 0.147887 1.49875)"
378,148,149,1,3247.4031624597424,2.0178477900628473,1,2800,116.90649046725264,72.64230288812723,0,1,,1,4,1,0,-1,1.666667,"LINESTRING (0.139809 1.48384, 0.166528 1.47203)"
379,149,151,1,3068.525300771892,1.9066979636198023,1,2800,110.46688873441036,68.6409211197893,0,1,,1,4,1,0,-1,1.666667,"LINESTRING (0.166528 1.47203, 0.180819 1.44842)"
380,150,153,1,19314.08307573097,12.001244656648671,1,900,77.25633230292388,48.00484445940012,0,1,,1,4,1,0,-1,15.0,"LINESTRING (0.138566 1.28065, 0.206917 1.44034)"
381,151,15,1,18391.190891331993,11.42778461439596,1,999999,,,0,0,,0,4,1,0,-1,0.0,"LINESTRING (0.180819 1.44842, 0.326221 1.36951)"
382,151,152,1,4151.422161538407,2.5795805495037762,1,900,186.81404397273926,116.08082931738497,0,1,,1,4,1,0,-1,1.333333,"LINESTRING (0.180819 1.44842, 0.169013 1.413)"
383,151,153,1,3036.988433877133,1.887101814332045,1,2800,182.21930603262797,113.22579240880007,0,1,,1,4,1,0,-1,1.0,"LINESTRING (0.180819 1.44842, 0.206917 1.44034)"
384,152,170,1,35722.62318132334,22.197064126488712,1,900,95.97122788969295,59.633737845046404,0,1,,1,4,1,0,-1,22.333333,"LINESTRING (0.169013 1.413, 0.0298259 1.12344)"
385,153,157,1,3080.595282164008,1.9141979209887334,1,2800,184.8357169298405,114.85155426441192,0,1,,1,4,1,0,-1,1.0,"LINESTRING (0.206917 1.44034, 0.233015 1.44966)"
386,154,155,1,3539.3048281469596,2.1992275269035506,1,2800,159.26875708380243,98.9649868579194,0,1,,1,4,1,0,-1,1.333333,"LINESTRING (0.236743 1.4683, 0.216859 1.49316)"
387,155,156,1,2429.2856436901284,1.5094918685238226,1,2800,145.7571386214077,90.56925898232272,0,1,,1,4,1,0,-1,1.0,"LINESTRING (0.216859 1.49316, 0.195732 1.49875)"
388,156,158,1,2721.0682630433803,1.6907976332182015,1,2800,163.26409578260282,101.4475744605317,0,1,,1,4,1,0,-1,1.0,"LINESTRING (0.195732 1.49875, 0.173363 1.48881)"
389,157,15,1,13666.650479689699,8.492084009401184,1,999999,,,0,0,,0,4,1,0,-1,0.0,"LINESTRING (0.233015 1.44966, 0.326221 1.36951)"
390,157,154,1,2113.6970896678063,1.313393745055617,1,2800,126.82182538006838,78.80340445823846,0,1,,1,4,1,0,-1,1.0,"LINESTRING (0.233015 1.44966, 0.236743 1.4683)"
391,157,184,1,17807.893938271718,11.065339790393404,1,2800,145.70095702681212,90.53434936870727,0,1,,1,4,1,0,-1,7.333333,"LINESTRING (0.233015 1.44966, 0.391465 1.42605)"
392,158,147,1,3039.8977216833737,1.8889095664579107,1,2800,273.5906581561745,170.00130084916032,0,1,,1,4,1,0,-1,0.666667,"LINESTRING (0.173363 1.48881, 0.147887 1.49875)"
393,158,149,1,2014.6095690641378,1.2518234612102712,1,2800,181.3147705583871,112.66374029663555,0,1,,1,4,1,0,-1,0.666667,"LINESTRING (0.173363 1.48881, 0.166528 1.47203)"
394,159,1,1,8438.983314338931,5.243754156572839,1,999999,,,0,0,,0,4,1,0,-1,0.0,"LINESTRING (0.907826 1.81441, 0.974312 1.85107)"
395,159,17,1,19872.745780302925,12.348382430252729,1,999999,,,0,0,,0,4,1,0,-1,0.0,"LINESTRING (0.907826 1.81441, 0.82394 1.65658)"
396,159,160,1,16474.110385778924,10.236563054282454,1,900,164.74110385778923,102.36534444521835,0,1,,1,4,1,0,-1,6.0,"LINESTRING (0.907826 1.81441, 0.970584 1.68019)"
397,159,161,1,13049.585520611681,8.108656667088175,1,600,93.95701950668487,58.382167167888284,0,1,,1,4,1,0,-1,8.333333,"LINESTRING (0.907826 1.81441, 1.01532 1.86163)"
398,159,174,1,7850.6143973701655,4.878157752476274,1,900,141.3110732837703,87.80660291740963,0,1,,1,4,1,0,-1,3.333333,"LINESTRING (0.907826 1.81441, 0.878 1.87841)"
399,160,17,1,16509.255793582306,10.258401452509917,1,999999,,,0,0,,0,4,1,0,-1,0.0,"LINESTRING (0.970584 1.68019, 0.82394 1.65658)"
400,160,159,1,16474.11038577894,10.236563054282463,1,900,59.30679620266825,36.851523263248176,0,1,,1,4,1,0,-1,16.666667,"LINESTRING (0.970584 1.68019, 0.907826 1.81441)"
401,160,163,1,6965.364300676004,4.328087477273916,1,600,125.37656994982505,77.90536464629274,0,1,,1,4,1,0,-1,3.333333,"LINESTRING (0.970584 1.68019, 1.02837 1.70443)"
402,161,1,1,4706.331103847877,2.9243858375780616,1,999999,,,0,0,,0,4,1,0,-1,0.0,"LINESTRING (1.01532 1.86163, 0.974312 1.85107)"
403,161,32,1,5595.8473740309,3.4771069966762154,1,600,33.5750842441854,20.862583671893724,0,1,,1,4,1,0,-1,10.0,"LINESTRING (1.01532 1.86163, 1.0613 1.88214)"
404,162,160,1,12343.276855622353,7.669775719004284,1,600,82.28851237081568,51.13169522036611,0,1,,1,4,1,0,-1,9.0,"LINESTRING (1.07249 1.72431, 0.970584 1.68019)"
405,163,38,1,11290.97178631649,7.015902038299235,1,600,50.80937430865856,31.57147172354548,0,1,,1,4,1,0,-1,13.333333,"LINESTRING (1.02837 1.70443, 1.12158 1.74481)"
406,164,14,1,11806.57815762578,7.336285780273765,1,999999,,,0,0,,0,4,1,0,-1,0.0,"LINESTRING (0.152236 1.00725, 0.248549 1.05198)"
407,164,168,1,14411.369593668918,8.95483216328987,1,2400,162.1279180617702,100.74158657396022,0,1,,1,4,1,0,-1,5.333333,"LINESTRING (0.152236 1.00725, 0.0602732 1.09859)"
408,165,14,1,13118.84037169463,8.151689743431861,1,999999,,,0,0,,0,4,1,0,-1,0.0,"LINESTRING (0.146023 0.993575, 0.248549 1.05198)"
409,165,166,1,18576.210961893878,11.542751041976139,1,2400,119.4185033056929,74.2031948175617,0,1,,1,4,1,0,-1,9.333333,"LINESTRING (0.146023 0.993575, 0.282103 0.896641)"
410,166,167,1,2232.446800495827,1.3871815778491974,1,900,100.46013113734499,62.42301214494319,0,1,,1,4,1,0,-1,1.333333,"LINESTRING (0.282103 0.896641, 0.28956 0.915282)"
411,166,198,1,25143.014987829207,15.623184030614544,1,2400,100.57205995131683,62.49256146400969,0,1,,1,4,1,0,-1,15.0,"LINESTRING (0.282103 0.896641, 0.47535 0.779201)"
412,167,164,1,18376.03722926516,11.418368541927226,1,2400,157.5088905365585,97.8714568215919,0,1,,1,4,1,0,-1,7.0,"LINESTRING (0.28956 0.915282, 0.152236 1.00725)"
413,167,166,1,2232.446800495827,1.3871815778491974,1,900,133.94680802974963,83.23066205225356,0,1,,1,4,1,0,-1,1.0,"LINESTRING (0.28956 0.915282, 0.282103 0.896641)"
414,167,186,1,31368.642114816437,19.491618995871875,1,900,115.23174889589198,71.6016670431893,0,1,,1,4,1,0,-1,16.333333,"LINESTRING (0.28956 0.915282, 0.345483 1.19179)"
415,168,169,1,3824.961116923383,2.3767265568017844,1,900,86.06161437307432,53.47619138461157,0,1,,1,4,1,0,-1,2.666667,"LINESTRING (0.0602732 1.09859, 0.0484671 1.1309)"
416,168,172,1,3522.2374102518793,2.1886222987385384,1,2400,126.80052140896338,78.79016678840898,0,1,,1,4,1,0,-1,1.666667,"LINESTRING (0.0602732 1.09859, 0.036661 1.11971)"
417,169,150,1,19431.88570026044,12.074443995837079,1,900,174.88696255799582,108.66968681162442,0,1,,1,4,1,0,-1,6.666667,"LINESTRING (0.0484671 1.1309, 0.138566 1.28065)"
418,170,171,1,1682.339953407021,1.0453601808238293,1,900,151.41052010137184,94.08210628590953,0,1,,1,4,1,0,-1,0.666667,"LINESTRING (0.0298259 1.12344, 0.0248549 1.10915)"
419,171,165,1,18617.90298955828,11.568657331302449,1,2400,167.56111852796857,104.11761978084236,0,1,,1,4,1,0,-1,6.666667,"LINESTRING (0.0248549 1.10915, 0.146023 0.993575)"
420,171,172,1,1761.1169598500858,1.0943100649024358,1,900,158.50044713628415,98.48758133752003,0,1,,1,4,1,0,-1,0.666667,"LINESTRING (0.0248549 1.10915, 0.036661 1.11971)"
421,171,224,1,5933.352050568237,3.6868232011683286,1,900,133.50040445023478,82.95327981364684,0,1,,1,4,1,0,-1,2.666667,"LINESTRING (0.0248549 1.10915, 0.0 1.06193)"
422,172,169,1,1808.5747487840629,1.1237990410876901,1,900,54.257242463521884,33.713877006801056,0,1,,1,4,1,0,-1,2.0,"LINESTRING (0.036661 1.11971, 0.0484671 1.1309)"
423,172,170,1,865.7063396633908,0.5379263174117284,1,2400,155.8272969667073,96.82656334349988,0,1,,1,4,1,0,-1,0.333333,"LINESTRING (0.036661 1.11971, 0.0298259 1.12344)"
424,173,14,1,10088.883618520664,6.268957223781591,1,999999,,,0,0,,0,4,1,0,-1,0.0,"LINESTRING (0.304473 0.980526, 0.248549 1.05198)"
425,173,167,1,7441.86438629134,4.624171639486585,1,900,44.65118631774804,27.74495229344542,0,1,,1,4,1,0,-1,10.0,"LINESTRING (0.304473 0.980526, 0.28956 0.915282)"
426,174,159,1,7850.614397370164,4.878157752476272,1,900,64.23230253449691,39.91209005816288,0,1,,1,4,1,0,-1,7.333333,"LINESTRING (0.878 1.87841, 0.907826 1.81441)"
427,174,176,1,7365.7338461207855,4.5768661973981795,1,900,165.7289908215938,102.97918875580457,0,1,,1,4,1,0,-1,2.666667,"LINESTRING (0.878 1.87841, 0.851902 1.9393)"
428,175,41,1,13313.395775518838,8.272581167136117,1,2400,199.70093663278257,124.08837069644873,0,1,,1,4,1,0,-1,4.0,"LINESTRING (0.894777 1.96167, 1.00103 2.01698)"
429,176,174,1,7365.733846120783,4.576866197398178,1,900,165.72899082159375,102.97918875580453,0,1,,1,4,1,0,-1,2.666667,"LINESTRING (0.851902 1.9393, 0.878 1.87841)"
430,176,175,1,5374.937310606378,3.3398395060126376,1,2400,161.24811931819133,100.19490514886387,0,1,,1,4,1,0,-1,2.0,"LINESTRING (0.851902 1.9393, 0.894777 1.96167)"
431,176,177,1,1329.510833336035,0.8261217849155772,1,900,239.3121893126756,148.70165438540656,0,1,,1,4,1,0,-1,0.333333,"LINESTRING (0.851902 1.9393, 0.84631 1.94987)"
432,177,176,1,1329.5108333360256,0.8261217849155714,1,900,239.31218931267392,148.7016543854055,0,1,,1,4,1,0,-1,0.333333,"LINESTRING (0.84631 1.94987, 0.851902 1.9393)"
433,177,178,1,7073.715869522482,4.395414188128353,1,2400,127.3268983840945,79.1172421758232,0,1,,1,4,1,0,-1,3.333333,"LINESTRING (0.84631 1.94987, 0.789765 1.92066)"
434,178,182,1,8247.29655172701,5.124645228309127,1,2400,185.56414921833905,115.30418096394855,0,1,,1,4,1,0,-1,2.666667,"LINESTRING (0.789765 1.92066, 0.723899 1.88649)"
435,179,7,1,12125.104442059746,7.5342093293273935,1,999999,,,0,0,,0,4,1,0,-1,0.0,"LINESTRING (0.600246 0.953186, 0.608324 1.06193)"
436,179,22,1,28545.64988715138,17.7374885898265,1,999999,,,0,0,,0,4,1,0,-1,0.0,"LINESTRING (0.600246 0.953186, 0.839475 0.85998)"
437,179,202,1,989.2500430198003,0.6146930064621524,1,900,178.06518580874987,110.64454257116871,0,1,,1,4,1,0,-1,0.333333,"LINESTRING (0.600246 0.953186, 0.603974 0.961264)"
438,179,214,1,12538.166910617312,7.790875085822333,1,900,161.20499162186604,100.16810684907053,0,1,,1,4,1,0,-1,4.666667,"LINESTRING (0.600246 0.953186, 0.540594 0.857494)"
439,180,177,1,9049.26542213571,5.622966820022936,1,2400,77.56513218973465,48.196723753867616,0,1,,1,4,1,0,-1,7.0,"LINESTRING (0.91901 1.98653, 0.84631 1.94987)"
440,181,176,1,15320.982712371475,9.520040956150643,1,2400,114.90737034278605,71.40010761726731,0,1,,1,4,1,0,-1,8.0,"LINESTRING (0.729492 1.87592, 0.851902 1.9393)"
441,181,182,1,1329.5735178253037,0.8261607353482197,1,2400,79.77441106951822,49.56950558067761,0,1,,1,4,1,0,-1,1.0,"LINESTRING (0.729492 1.87592, 0.723899 1.88649)"
442,182,181,1,1329.5735178252921,0.8261607353482124,1,2400,239.32347253202514,148.708665450697,0,1,,1,4,1,0,-1,0.333333,"LINESTRING (0.723899 1.88649, 0.729492 1.87592)"
443,182,212,1,7110.743633353855,4.418422231072276,1,2400,116.35761251328013,72.30124604498938,0,1,,1,4,1,0,-1,3.666667,"LINESTRING (0.723899 1.88649, 0.667976 1.85542)"
444,183,15,1,10898.183113022274,6.771833865449362,1,999999,,,0,0,,0,4,1,0,-1,0.0,"LINESTRING (0.393329 1.44096, 0.326221 1.36951)"
445,183,154,1,17669.472601850382,10.979328545770555,1,2800,96.37894146463844,59.88707923682386,0,1,,1,4,1,0,-1,11.0,"LINESTRING (0.393329 1.44096, 0.236743 1.4683)"
446,183,184,1,1670.8163863877367,1.038199750449089,1,900,150.3733995881965,93.43766967551724,0,1,,1,4,1,0,-1,0.666667,"LINESTRING (0.393329 1.44096, 0.391465 1.42605)"
447,184,15,1,9598.279396394151,5.96410913566689,1,999999,,,0,0,,0,4,1,0,-1,0.0,"LINESTRING (0.391465 1.42605, 0.326221 1.36951)"
448,184,66,1,37270.395153888894,23.15880743279164,1,2800,136.91165846146242,85.07293412985737,0,1,,1,4,1,0,-1,16.333333,"LINESTRING (0.391465 1.42605, 0.722656 1.37386)"
449,184,183,1,1670.8163863877553,1.0381997504491005,1,900,150.3733995881982,93.43766967551831,0,1,,1,4,1,0,-1,0.666667,"LINESTRING (0.391465 1.42605, 0.393329 1.44096)"
450,184,204,1,21260.030014798616,13.210403031552449,1,900,115.96380008071972,72.0565424199569,0,1,,1,4,1,0,-1,11.0,"LINESTRING (0.391465 1.42605, 0.354804 1.2384)"
451,185,183,1,17818.256482663626,11.071778792960858,1,2800,145.78574148478154,90.5870319721402,0,1,,1,4,1,0,-1,7.333333,"LINESTRING (0.551779 1.41673, 0.393329 1.44096)"
452,186,189,1,10394.210907482186,6.4586792768974775,1,900,124.73053088978622,77.50393470951735,0,1,,1,4,1,0,-1,5.0,"LINESTRING (0.345483 1.19179, 0.328706 1.09983)"
453,186,204,1,5285.375066100188,3.284187969043327,1,900,67.95481742451545,42.225152857888595,0,1,,1,4,1,0,-1,4.666667,"LINESTRING (0.345483 1.19179, 0.354804 1.2384)"
454,187,190,1,20628.164628655828,12.817779107370619,1,900,103.14082314327914,64.0887164173625,0,1,,1,4,1,0,-1,12.0,"LINESTRING (1.11971 1.09672, 0.935166 1.07746)"
455,188,45,1,23424.589881529082,14.5554015195851,1,900,168.65705389329153,104.79860223472845,0,1,,1,4,1,0,-1,8.333333,"LINESTRING (1.02154 1.11909, 1.22659 1.07063)"
456,189,14,1,10379.035977077358,6.449249988863359,1,999999,,,0,0,,0,4,1,0,-1,0.0,"LINESTRING (0.328706 1.09983, 0.248549 1.05198)"
457,189,173,1,13536.82618039921,8.411414729267408,1,900,128.24362319555163,79.68686838864312,0,1,,1,4,1,0,-1,6.333333,"LINESTRING (0.328706 1.09983, 0.304473 0.980526)"
458,190,20,1,19351.01121812313,12.024190797546282,1,999999,,,0,0,,0,4,1,0,-1,0.0,"LINESTRING (0.935166 1.07746, 1.02278 0.927088)"
459,190,21,1,20019.006436373027,12.439264814379206,1,999999,,,0,0,,0,4,1,0,-1,0.0,"LINESTRING (0.935166 1.07746, 0.84631 1.23405)"
460,190,22,1,26419.46741967854,16.416336771396065,1,999999,,,0,0,,0,4,1,0,-1,0.0,"LINESTRING (0.935166 1.07746, 0.839475 0.85998)"
461,190,188,1,10660.11416325844,6.623904310623263,1,900,106.6011416325844,66.2388579773806,0,1,,1,4,1,0,-1,6.0,"LINESTRING (0.935166 1.07746, 1.02154 1.11909)"
462,190,206,1,12053.04590260485,7.489434117467317,1,900,114.18675666608577,70.95233917636239,0,1,,1,4,1,0,-1,6.333333,"LINESTRING (0.935166 1.07746, 0.839475 1.02651)"
463,191,192,1,12909.293849876402,8.02148324771422,1,2800,54.03890574457344,33.578208901411344,0,1,,1,4,1,0,-1,14.333333,"LINESTRING (1.10977 0.343619, 1.0029 0.388979)"
464,192,58,1,38957.593441145014,24.20718644981484,1,2800,42.499192844885464,26.407765957219326,0,1,,1,4,1,0,-1,55.0,"LINESTRING (1.0029 0.388979, 1.13835 0.712093)"
465,192,196,1,5689.205075022852,3.535116926828919,1,2800,204.81134173855432,127.26382822742724,0,1,,1,4,1,0,-1,1.666667,"LINESTRING (1.0029 0.388979, 1.0495 0.367853)"
466,192,197,1,19137.941971462118,11.891795376652615,1,2400,181.30682821947417,112.65880515756288,0,1,,1,4,1,0,-1,6.333333,"LINESTRING (1.0029 0.388979, 0.854388 0.475972)"
467,193,6,1,4025.1919830760726,2.501144558064842,1,999999,,,0,0,,0,4,1,0,-1,0.0,"LINESTRING (0.638771 0.621994, 0.661762 0.649956)"
468,193,194,1,25329.619497333937,15.739134985356692,1,2400,126.64809748666968,78.69545498338942,0,1,,1,4,1,0,-1,12.0,"LINESTRING (0.638771 0.621994, 0.484671 0.789765)"
469,194,6,1,25087.447562079527,15.588655947207881,1,999999,,,0,0,,0,4,1,0,-1,0.0,"LINESTRING (0.484671 0.789765, 0.661762 0.649956)"
470,194,167,1,25794.95318945666,16.02828065508635,1,2400,87.60549974522073,54.43551698218755,0,1,,1,4,1,0,-1,17.666667,"LINESTRING (0.484671 0.789765, 0.28956 0.915282)"
471,194,179,1,22255.941090380467,13.829235022046596,1,900,125.1896647212131,77.78922715748492,0,1,,1,4,1,0,-1,10.666667,"LINESTRING (0.484671 0.789765, 0.600246 0.953186)"
472,194,198,1,1566.481241612653,0.9733687360114415,1,900,140.98324125351814,87.60289760093983,0,1,,1,4,1,0,-1,0.666667,"LINESTRING (0.484671 0.789765, 0.47535 0.779201)"
473,195,6,1,5299.095381844196,3.292713399184881,1,999999,,,0,0,,0,4,1,0,-1,0.0,"LINESTRING (0.643742 0.605838, 0.661762 0.649956)"
474,195,199,1,27632.83128426298,17.170287996484884,1,2400,207.24623463197233,128.77680005950327,0,1,,1,4,1,0,-1,8.0,"LINESTRING (0.643742 0.605838, 0.851281 0.469136)"
475,196,87,1,27600.2580363475,17.15004786828607,1,2800,184.00172024231665,114.33333290868855,0,1,,1,4,1,0,-1,9.0,"LINESTRING (1.0495 0.367853, 1.27879 0.272783)"
476,197,193,1,28955.341142051773,17.992059566065453,1,2400,200.46004635035663,124.56005946076745,0,1,,1,4,1,0,-1,8.666667,"LINESTRING (0.854388 0.475972, 0.638771 0.621994)"
477,198,6,1,25221.507099747894,15.671956889002882,1,999999,,,0,0,,0,4,1,0,-1,0.0,"LINESTRING (0.47535 0.779201, 0.661762 0.649956)"
478,198,194,1,1566.4812416126513,0.9733687360114404,1,900,281.9669054571827,175.20605801083508,0,1,,1,4,1,0,-1,0.333333,"LINESTRING (0.47535 0.779201, 0.484671 0.789765)"
479,198,195,1,26872.985791122235,16.698140722980998,1,2400,193.48550543550033,120.22628199796227,0,1,,1,4,1,0,-1,8.333333,"LINESTRING (0.47535 0.779201, 0.643742 0.605838)"
480,199,192,1,19069.93188503624,11.849535763130378,1,2400,98.07393260664544,60.94029757772389,0,1,,1,4,1,0,-1,11.666667,"LINESTRING (0.851281 0.469136, 1.0029 0.388979)"
481,199,197,1,834.9535722289318,0.5188173861514235,1,2400,150.291793293001,93.38696189026533,0,1,,1,4,1,0,-1,0.333333,"LINESTRING (0.851281 0.469136, 0.854388 0.475972)"
482,200,7,1,5315.121863380528,3.3026718178759795,1,999999,,,0,0,,0,4,1,0,-1,0.0,"LINESTRING (0.655548 1.06938, 0.608324 1.06193)"
483,200,22,1,30988.909722955,19.255663640346356,1,999999,,,0,0,,0,4,1,0,-1,0.0,"LINESTRING (0.655548 1.06938, 0.839475 0.85998)"
484,200,179,1,14308.523202068658,8.890926219486659,1,900,143.0852320206866,88.90901370592604,0,1,,1,4,1,0,-1,6.0,"LINESTRING (0.655548 1.06938, 0.600246 0.953186)"
485,201,7,1,14126.35892852076,8.777734306312377,1,999999,,,0,0,,0,4,1,0,-1,0.0,"LINESTRING (0.689724 1.15948, 0.608324 1.06193)"
486,201,21,1,19281.740835274733,11.981148070186993,1,999999,,,0,0,,0,4,1,0,-1,0.0,"LINESTRING (0.689724 1.15948, 0.84631 1.23405)"
487,201,200,1,10714.941348191533,6.657972428567943,1,900,148.3607377719395,92.18705999008783,0,1,,1,4,1,0,-1,4.333333,"LINESTRING (0.689724 1.15948, 0.655548 1.06938)"
488,201,205,1,20310.43059028187,12.620347838419397,1,900,166.17625783759067,103.25710750880155,0,1,,1,4,1,0,-1,7.333333,"LINESTRING (0.689724 1.15948, 0.536866 1.25952)"
489,201,208,1,18244.07170181525,11.33636876099224,1,900,82.09832471062674,51.01351812376685,0,1,,1,4,1,0,-1,13.333333,"LINESTRING (0.689724 1.15948, 0.714579 1.32166)"
490,201,210,1,6414.291447083657,3.9856658301438213,1,900,96.21437170625485,59.784820361487284,0,1,,1,4,1,0,-1,4.0,"LINESTRING (0.689724 1.15948, 0.73322 1.12158)"
491,202,7,1,11204.007009190213,6.961864496744139,1,999999,,,0,0,,0,4,1,0,-1,0.0,"LINESTRING (0.603974 0.961264, 0.608324 1.06193)"
492,202,201,1,24014.0501894782,14.92167608428188,1,900,75.83384270361536,47.12095067458818,0,1,,1,4,1,0,-1,19.0,"LINESTRING (0.603974 0.961264, 0.689724 1.15948)"
493,203,207,1,442.61433535663093,0.27502848084098513,1,900,79.67066003485361,49.50503769651702,0,1,,1,4,1,0,-1,0.333333,"LINESTRING (0.504555 1.21416, 0.50704 1.21727)"
494,204,184,1,21260.030014798613,13.210403031552447,1,900,72.2038741596203,44.86539349043743,0,1,,1,4,1,0,-1,17.666667,"LINESTRING (0.354804 1.2384, 0.391465 1.42605)"
495,204,186,1,5285.375066100187,3.2841879690433267,1,900,135.90966397252822,84.45032381227384,0,1,,1,4,1,0,-1,2.333333,"LINESTRING (0.354804 1.2384, 0.345483 1.19179)"
496,204,203,1,16864.547599693422,10.479170094382432,1,900,116.75455581501,72.54789510132858,0,1,,1,4,1,0,-1,8.666667,"LINESTRING (0.354804 1.2384, 0.504555 1.21416)"
497,205,204,1,20375.381192356137,12.660706371777337,1,900,146.7027504530742,91.15683475177717,0,1,,1,4,1,0,-1,8.333333,"LINESTRING (0.536866 1.25952, 0.354804 1.2384)"
498,206,22,1,18517.317292589603,11.506156121509193,1,999999,,,0,0,,0,4,1,0,-1,0.0,"LINESTRING (0.839475 1.02651, 0.839475 0.85998)"
499,206,210,1,15852.40280065392,9.850250910717389,1,900,167.84896095698497,104.29647671880271,0,1,,1,4,1,0,-1,5.666667,"LINESTRING (0.839475 1.02651, 0.73322 1.12158)"
500,207,201,1,21301.55666128844,13.236206557525719,1,900,64.98779888210372,40.381533579171666,0,1,,1,4,1,0,-1,19.666667,"LINESTRING (0.50704 1.21727, 0.689724 1.15948)"
501,208,21,1,17588.494749208563,10.929011115866482,1,999999,,,0,0,,0,4,1,0,-1,0.0,"LINESTRING (0.714579 1.32166, 0.84631 1.23405)"
502,208,66,1,5873.4184578150625,3.6495821006220335,1,900,16.78119559375732,10.42734828728858,0,1,,1,4,1,0,-1,21.0,"LINESTRING (0.714579 1.32166, 0.722656 1.37386)"
503,208,201,1,18244.071701815265,11.336368760992249,1,900,78.18887872206541,48.58430176040851,0,1,,1,4,1,0,-1,14.0,"LINESTRING (0.714579 1.32166, 0.689724 1.15948)"
504,209,190,1,21208.3748991231,13.178305950963193,1,600,103.17588067616322,64.11050015162822,0,1,,1,4,1,0,-1,12.333333,"LINESTRING (0.756832 1.14519, 0.935166 1.07746)"
505,210,190,1,22981.025177456322,14.279782505534147,1,900,137.88615106473793,85.67845557324728,0,1,,1,4,1,0,-1,10.0,"LINESTRING (0.73322 1.12158, 0.935166 1.07746)"
506,210,201,1,6414.291447083659,3.9856658301438226,1,900,164.938946487715,102.48827811801794,0,1,,1,4,1,0,-1,2.333333,"LINESTRING (0.73322 1.12158, 0.689724 1.15948)"
507,210,211,1,2637.4366727600664,1.6388312430934835,1,600,94.94770122982214,58.997748060875814,0,1,,1,4,1,0,-1,1.666667,"LINESTRING (0.73322 1.12158, 0.749997 1.13835)"
508,211,209,1,1075.1148718863396,0.6680470701569213,1,600,193.5208704604116,120.24825679885642,0,1,,1,4,1,0,-1,0.333333,"LINESTRING (0.749997 1.13835, 0.756832 1.14519)"
509,214,194,1,9766.165390785389,6.0684289154469475,1,900,51.7032300601353,32.12688776569633,0,1,,1,4,1,0,-1,11.333333,"LINESTRING (0.540594 0.857494, 0.484671 0.789765)"
510,215,216,1,16928.193458219048,10.518717895670926,1,900,84.64096729109524,52.59344248663514,0,1,,1,4,1,0,-1,12.0,"LINESTRING (1.26139 1.80633, 1.20111 1.94614)"
511,215,217,1,7828.60511695201,4.864481785671151,1,900,128.10443572244782,79.60038132929313,0,1,,1,4,1,0,-1,3.666667,"LINESTRING (1.26139 1.80633, 1.28935 1.74171)"
512,216,2,1,5192.21082497961,3.2262982495803314,1,999999,,,0,0,,0,4,1,0,-1,0.0,"LINESTRING (1.20111 1.94614, 1.15575 1.93495)"
513,216,83,1,18379.48569584941,11.420511325045927,1,600,63.62129786296522,39.532429474408566,0,1,,1,4,1,0,-1,17.333333,"LINESTRING (1.20111 1.94614, 1.19925 2.11142)"
514,216,84,1,17108.835417940223,10.630963884536659,1,900,83.2321745530112,51.718059534179126,0,1,,1,4,1,0,-1,12.333333,"LINESTRING (1.20111 1.94614, 1.1396 2.08719)"
515,216,218,1,8354.961740199868,5.191545441112424,1,900,136.71754331985753,84.9523166102032,0,1,,1,4,1,0,-1,3.666667,"LINESTRING (1.20111 1.94614, 1.23094 1.87717)"
516,217,137,1,26768.97587723861,16.63351179815242,1,900,89.22991959079536,55.44488436605211,0,1,,1,4,1,0,-1,18.0,"LINESTRING (1.28935 1.74171, 1.50062 1.62613)"
517,218,215,1,8573.242094480309,5.327178902208551,1,900,102.8789051337637,63.92596816187188,0,1,,1,4,1,0,-1,5.0,"LINESTRING (1.23094 1.87717, 1.26139 1.80633)"
518,219,215,1,15614.238519413539,9.702262119510818,1,900,96.91595988201645,60.22076690784844,0,1,,1,4,1,0,-1,9.666667,"LINESTRING (1.31482 1.67646, 1.26139 1.80633)"
519,220,13,1,13471.71643069769,8.37095730591279,1,999999,,,0,0,,0,4,1,0,-1,0.0,"LINESTRING (1.78148 0.750618, 1.68019 0.817105)"
520,220,68,1,7772.901982689307,4.829869376694364,1,900,174.89027274922532,108.67174366845889,0,1,,1,4,1,0,-1,2.666667,"LINESTRING (1.78148 0.750618, 1.81689 0.810891)"
521,220,128,1,20175.629297606454,12.536585990285742,1,900,165.07333812011365,102.57178518103314,0,1,,1,4,1,0,-1,7.333333,"LINESTRING (1.78148 0.750618, 1.61122 0.813377)"
522,221,121,1,16732.161484827408,10.396908971893701,1,600,167.32161484827407,103.96879913988691,0,1,,1,4,1,0,-1,6.0,"LINESTRING (1.477 0.560478, 1.43599 0.415698)"
523,223,23,1,25522.926575632322,15.859250733612738,1,999999,,,0,0,,0,4,1,0,-1,0.0,"LINESTRING (2.0176 1.64602, 2.02816 1.41673)"
