link_id,from_node_id,to_node_id,dir_flag,length,vdf_length_mi,lanes,capacity,free_speed,vdf_free_speed_mph,vdf_toll,link_type,allowed_uses,vdf_alpha,vdf_beta,vdf_plf,ref_volume,ref_cost,vdf_fftt,geometry
1,1,31,1,0,0,1,999999,90,55.92339,0,0,,0,4,1,0,-1,0,"LINESTRING (0.974312 1.85107, 1.08119 1.89084)"
2,1,32,1,0,0,1,999999,90,55.92339,0,0,,0,4,1,0,-1,0,"LINESTRING (0.974312 1.85107, 1.0613 1.88214)"
3,1,159,1,0,0,1,999999,90,55.92339,0,0,,0,4,1,0,-1,0,"LINESTRING (0.974312 1.85107, 0.907826 1.81441)"
4,1,161,1,0,0,1,999999,90,55.92339,0,0,,0,4,1,0,-1,0,"LINESTRING (0.974312 1.85107, 1.01532 1.86163)"
5,2,31,1,0,0,1,999999,90,55.92339,0,0,,0,4,1,0,-1,0,"LINESTRING (1.15575 1.93495, 1.08119 1.89084)"
6,2,32,1,0,0,1,999999,90,55.92339,0,0,,0,4,1,0,-1,0,"LINESTRING (1.15575 1.93495, 1.0613 1.88214)"
7,2,37,1,0,0,1,999999,90,55.92339,0,0,,0,4,1,0,-1,0,"LINESTRING (1.15575 1.93495, 1.11101 1.82373)"
8,2,216,1,0,0,1,999999,90,55.92339,0,0,,0,4,1,0,-1,0,"LINESTRING (1.15575 1.93495, 1.20111 1.94614)"
9,3,42,1,0,0,1,999999,90,55.92339,0,0,,0,4,1,0,-1,0,"LINESTRING (1.28811 1.19366, 1.30178 1.30613)"
10,3,44,1,0,0,1,999999,90,55.92339,0,0,,0,4,1,0,-1,0,"LINESTRING (1.28811 1.19366, 1.30115 1.29121)"
11,3,61,1,0,0,1,999999,90,55.92339,0,0,,0,4,1,0,-1,0,"LINESTRING (1.28811 1.19366, 1.27816 1.19179)"
12,3,62,1,0,0,1,999999,90,55.92339,0,0,,0,4,1,0,-1,0,"LINESTRING (1.28811 1.19366, 1.2763 1.18434)"
13,4,70,1,0,0,1,999999,90,55.92339,0,0,,0,4,1,0,-1,0,"LINESTRING (1.54535 1.10232, 1.61308 1.05696)"
14,4,71,1,0,0,1,999999,90,55.92339,0,0,,0,4,1,0,-1,0,"LINESTRING (1.54535 1.10232, 1.45712 1.10045)"
15,4,75,1,0,0,1,999999,90,55.92339,0,0,,0,4,1,0,-1,0,"LINESTRING (1.54535 1.10232, 1.60998 1.04639)"
16,4,82,1,0,0,1,999999,90,55.92339,0,0,,0,4,1,0,-1,0,"LINESTRING (1.54535 1.10232, 1.51863 1.07187)"
17,5,73,1,0,0,1,999999,90,55.92339,0,0,,0,4,1,0,-1,0,"LINESTRING (1.91445 0.707744, 1.89705 0.730113)"
18,5,77,1,0,0,1,999999,90,55.92339,0,0,,0,4,1,0,-1,0,"LINESTRING (1.91445 0.707744, 1.90824 0.705879)"
19,5,78,1,0,0,1,999999,90,55.92339,0,0,,0,4,1,0,-1,0,"LINESTRING (1.91445 0.707744, 1.91569 0.699044)"
20,5,96,1,0,0,1,999999,90,55.92339,0,0,,0,4,1,0,-1,0,"LINESTRING (1.91445 0.707744, 1.98591 0.645606)"
21,6,193,1,0,0,1,999999,90,55.92339,0,0,,0,4,1,0,-1,0,"LINESTRING (0.661762 0.649956, 0.638771 0.621994)"
22,6,194,1,0,0,1,999999,90,55.92339,0,0,,0,4,1,0,-1,0,"LINESTRING (0.661762 0.649956, 0.484671 0.789765)"
23,6,195,1,0,0,1,999999,90,55.92339,0,0,,0,4,1,0,-1,0,"LINESTRING (0.661762 0.649956, 0.643742 0.605838)"
24,6,198,1,0,0,1,999999,90,55.92339,0,0,,0,4,1,0,-1,0,"LINESTRING (0.661762 0.649956, 0.47535 0.779201)"
25,7,179,1,0,0,1,999999,90,55.92339,0,0,,0,4,1,0,-1,0,"LINESTRING (0.608324 1.06193, 0.600246 0.953186)"
26,7,200,1,0,0,1,999999,90,55.92339,0,0,,0,4,1,0,-1,0,"LINESTRING (0.608324 1.06193, 0.655548 1.06938)"
27,7,201,1,0,0,1,999999,90,55.92339,0,0,,0,4,1,0,-1,0,"LINESTRING (0.608324 1.06193, 0.689724 1.15948)"
28,7,202,1,0,0,1,999999,90,55.92339,0,0,,0,4,1,0,-1,0,"LINESTRING (0.608324 1.06193, 0.603974 0.961264)"
29,8,99,1,0,0,1,999999,90,55.92339,0,0,,0,4,1,0,-1,0,"LINESTRING (1.4826 0.306958, 1.59941 0.28956)"
30,8,113,1,0,0,1,999999,90,55.92339,0,0,,0,4,1,0,-1,0,"LINESTRING (1.4826 0.306958, 1.54038 0.305094)"
31,8,114,1,0,0,1,999999,90,55.92339,0,0,,0,4,1,0,-1,0,"LINESTRING (1.4826 0.306958, 1.50807 0.31255)"
32,8,116,1,0,0,1,999999,90,55.92339,0,0,,0,4,1,0,-1,0,"LINESTRING (1.4826 0.306958, 1.52609 0.296395)"
33,9,29,1,0,0,1,999999,90,55.92339,0,0,,0,4,1,0,-1,0,"LINESTRING (1.37634 1.56648, 1.24523 1.52112)"
34,9,39,1,0,0,1,999999,90,55.92339,0,0,,0,4,1,0,-1,0,"LINESTRING (1.37634 1.56648, 1.22597 1.50248)"
35,9,47,1,0,0,1,999999,90,55.92339,0,0,,0,4,1,0,-1,0,"LINESTRING (1.37634 1.56648, 1.26387 1.4652)"
36,9,140,1,0,0,1,999999,90,55.92339,0,0,,0,4,1,0,-1,0,"LINESTRING (1.37634 1.56648, 1.32415 1.6746)"
37,10,74,1,0,0,1,999999,90,55.92339,0,0,,0,4,1,0,-1,0,"LINESTRING (1.7821 1.03583, 1.67895 1.01284)"
38,10,76,1,0,0,1,999999,90,55.92339,0,0,,0,4,1,0,-1,0,"LINESTRING (1.7821 1.03583, 1.67584 1.00165)"
39,10,79,1,0,0,1,999999,90,55.92339,0,0,,0,4,1,0,-1,0,"LINESTRING (1.7821 1.03583, 1.70505 0.954429)"
40,10,80,1,0,0,1,999999,90,55.92339,0,0,,0,4,1,0,-1,0,"LINESTRING (1.7821 1.03583, 1.71685 0.951943)"
41,11,134,1,0,0,1,999999,90,55.92339,0,0,,0,4,1,0,-1,0,"LINESTRING (2.04804 0.994818, 2.16921 0.98674)"
42,11,142,1,0,0,1,999999,90,55.92339,0,0,,0,4,1,0,-1,0,"LINESTRING (2.04804 0.994818, 1.9393 1.0234)"
43,11,144,1,0,0,1,999999,90,55.92339,0,0,,0,4,1,0,-1,0,"LINESTRING (2.04804 0.994818, 1.97162 1.08181)"
44,11,145,1,0,0,1,999999,90,55.92339,0,0,,0,4,1,0,-1,0,"LINESTRING (2.04804 0.994818, 2.09092 1.06503)"
45,12,92,1,0,0,1,999999,90,55.92339,0,0,,0,4,1,0,-1,0,"LINESTRING (1.43848 0.812134, 1.35149 0.748133)"
46,12,94,1,0,0,1,999999,90,55.92339,0,0,,0,4,1,0,-1,0,"LINESTRING (1.43848 0.812134, 1.35211 0.905961)"
47,12,126,1,0,0,1,999999,90,55.92339,0,0,,0,4,1,0,-1,0,"LINESTRING (1.43848 0.812134, 1.53417 0.769259)"
48,12,127,1,0,0,1,999999,90,55.92339,0,0,,0,4,1,0,-1,0,"LINESTRING (1.43848 0.812134, 1.55281 0.835746)"
49,13,68,1,0,0,1,999999,90,55.92339,0,0,,0,4,1,0,-1,0,"LINESTRING (1.68019 0.817105, 1.81689 0.810891)"
50,13,72,1,0,0,1,999999,90,55.92339,0,0,,0,4,1,0,-1,0,"LINESTRING (1.68019 0.817105, 1.77713 0.868058)"
51,13,128,1,0,0,1,999999,90,55.92339,0,0,,0,4,1,0,-1,0,"LINESTRING (1.68019 0.817105, 1.61122 0.813377)"
52,13,220,1,0,0,1,999999,90,55.92339,0,0,,0,4,1,0,-1,0,"LINESTRING (1.68019 0.817105, 1.78148 0.750618)"
53,14,164,1,0,0,1,999999,90,55.92339,0,0,,0,4,1,0,-1,0,"LINESTRING (0.248549 1.05198, 0.152236 1.00725)"
54,14,165,1,0,0,1,999999,90,55.92339,0,0,,0,4,1,0,-1,0,"LINESTRING (0.248549 1.05198, 0.146023 0.993575)"
55,14,173,1,0,0,1,999999,90,55.92339,0,0,,0,4,1,0,-1,0,"LINESTRING (0.248549 1.05198, 0.304473 0.980526)"
56,14,189,1,0,0,1,999999,90,55.92339,0,0,,0,4,1,0,-1,0,"LINESTRING (0.248549 1.05198, 0.328706 1.09983)"
57,15,151,1,0,0,1,999999,90,55.92339,0,0,,0,4,1,0,-1,0,"LINESTRING (0.326221 1.36951, 0.180819 1.44842)"
58,15,157,1,0,0,1,999999,90,55.92339,0,0,,0,4,1,0,-1,0,"LINESTRING (0.326221 1.36951, 0.233015 1.44966)"
59,15,183,1,0,0,1,999999,90,55.92339,0,0,,0,4,1,0,-1,0,"LINESTRING (0.326221 1.36951, 0.393329 1.44096)"
60,15,184,1,0,0,1,999999,90,55.92339,0,0,,0,4,1,0,-1,0,"LINESTRING (0.326221 1.36951, 0.391465 1.42605)"
61,16,99,1,0,0,1,999999,90,55.92339,0,0,,0,4,1,0,-1,0,"LINESTRING (1.66217 0.280239, 1.59941 0.28956)"
62,16,100,1,0,0,1,999999,90,55.92339,0,0,,0,4,1,0,-1,0,"LINESTRING (1.66217 0.280239, 1.7299 0.254141)"
63,16,103,1,0,0,1,999999,90,55.92339,0,0,,0,4,1,0,-1,0,"LINESTRING (1.66217 0.280239, 1.58139 0.294531)"
64,16,104,1,0,0,1,999999,90,55.92339,0,0,,0,4,1,0,-1,0,"LINESTRING (1.66217 0.280239, 1.56897 0.254141)"
65,17,88,1,0,0,1,999999,90,55.92339,0,0,,0,4,1,0,-1,0,"LINESTRING (0.82394 1.65658, 0.744405 1.45774)"
66,17,89,1,0,0,1,999999,90,55.92339,0,0,,0,4,1,0,-1,0,"LINESTRING (0.82394 1.65658, 0.731977 1.46085)"
67,17,159,1,0,0,1,999999,90,55.92339,0,0,,0,4,1,0,-1,0,"LINESTRING (0.82394 1.65658, 0.907826 1.81441)"
68,17,160,1,0,0,1,999999,90,55.92339,0,0,,0,4,1,0,-1,0,"LINESTRING (0.82394 1.65658, 0.970584 1.68019)"
69,18,29,1,0,0,1,999999,90,55.92339,0,0,,0,4,1,0,-1,0,"LINESTRING (1.09672 1.54225, 1.24523 1.52112)"
70,18,30,1,0,0,1,999999,90,55.92339,0,0,,0,4,1,0,-1,0,"LINESTRING (1.09672 1.54225, 1.19863 1.62489)"
71,18,39,1,0,0,1,999999,90,55.92339,0,0,,0,4,1,0,-1,0,"LINESTRING (1.09672 1.54225, 1.22597 1.50248)"
72,18,47,1,0,0,1,999999,90,55.92339,0,0,,0,4,1,0,-1,0,"LINESTRING (1.09672 1.54225, 1.26387 1.4652)"
73,19,26,1,0,0,1,999999,90,55.92339,0,0,,0,4,1,0,-1,0,"LINESTRING (1.72493 1.42294, 1.66466 1.25331)"
74,19,136,1,0,0,1,999999,90,55.92339,0,0,,0,4,1,0,-1,0,"LINESTRING (1.72493 1.42294, 1.64167 1.58761)"
75,19,138,1,0,0,1,999999,90,55.92339,0,0,,0,4,1,0,-1,0,"LINESTRING (1.72493 1.42294, 1.6193 1.51118)"
76,19,139,1,0,0,1,999999,90,55.92339,0,0,,0,4,1,0,-1,0,"LINESTRING (1.72493 1.42294, 1.60625 1.46333)"
77,20,52,1,0,0,1,999999,90,55.92339,0,0,,0,4,1,0,-1,0,"LINESTRING (1.02278 0.927088, 1.19614 0.950079)"
78,20,53,1,0,0,1,999999,90,55.92339,0,0,,0,4,1,0,-1,0,"LINESTRING (1.02278 0.927088, 1.21603 0.944487)"
79,20,60,1,0,0,1,999999,90,55.92339,0,0,,0,4,1,0,-1,0,"LINESTRING (1.02278 0.927088, 1.15948 0.807163)"
80,20,190,1,0,0,1,999999,90,55.92339,0,0,,0,4,1,0,-1,0,"LINESTRING (1.02278 0.927088, 0.935166 1.07746)"
81,21,65,1,0,0,1,999999,90,55.92339,0,0,,0,4,1,0,-1,0,"LINESTRING (0.84631 1.23405, 0.969963 1.33844)"
82,21,190,1,0,0,1,999999,90,55.92339,0,0,,0,4,1,0,-1,0,"LINESTRING (0.84631 1.23405, 0.935166 1.07746)"
83,21,201,1,0,0,1,999999,90,55.92339,0,0,,0,4,1,0,-1,0,"LINESTRING (0.84631 1.23405, 0.689724 1.15948)"
84,21,208,1,0,0,1,999999,90,55.92339,0,0,,0,4,1,0,-1,0,"LINESTRING (0.84631 1.23405, 0.714579 1.32166)"
85,22,179,1,0,0,1,999999,90,55.92339,0,0,,0,4,1,0,-1,0,"LINESTRING (0.839475 0.85998, 0.600246 0.953186)"
86,22,190,1,0,0,1,999999,90,55.92339,0,0,,0,4,1,0,-1,0,"LINESTRING (0.839475 0.85998, 0.935166 1.07746)"
87,22,200,1,0,0,1,999999,90,55.92339,0,0,,0,4,1,0,-1,0,"LINESTRING (0.839475 0.85998, 0.655548 1.06938)"
88,22,206,1,0,0,1,999999,90,55.92339,0,0,,0,4,1,0,-1,0,"LINESTRING (0.839475 0.85998, 0.839475 1.02651)"
89,23,25,1,0,0,1,999999,90,55.92339,0,0,,0,4,1,0,-1,0,"LINESTRING (2.02816 1.41673, 1.86101 1.22597)"
90,23,54,1,0,0,1,999999,90,55.92339,0,0,,0,4,1,0,-1,0,"LINESTRING (2.02816 1.41673, 2.11018 1.19117)"
91,23,57,1,0,0,1,999999,90,55.92339,0,0,,0,4,1,0,-1,0,"LINESTRING (2.02816 1.41673, 1.99461 1.19055)"
92,23,223,1,0,0,1,999999,90,55.92339,0,0,,0,4,1,0,-1,0,"LINESTRING (2.02816 1.41673, 2.0176 1.64602)"
93,24,27,1,25000,15.534275,1,900,1500,932.0565,0,1,,1,4,1,0,-1,1,"LINESTRING (1.54784 1.25393, 1.55343 1.26946)"
94,24,28,1,414000,257.247594,1,2800,1961.05258,1218.541203,0,1,,1,4,1,0,-1,12.666667,"LINESTRING (1.54784 1.25393, 1.80447 1.21789)"
95,25,23,1,0,0,1,999999,90,55.92339,0,0,,0,4,1,0,-1,0,"LINESTRING (1.86101 1.22597, 2.02816 1.41673)"
96,25,26,1,317000,196.974607,1,2800,1358.571429,844.1768871,0,1,,1,4,1,0,-1,14,"LINESTRING (1.86101 1.22597, 1.66466 1.25331)"
97,26,19,1,0,0,1,999999,90,55.92339,0,0,,0,4,1,0,-1,0,"LINESTRING (1.66466 1.25331, 1.72493 1.42294)"
98,26,27,1,181000,112.468151,1,2800,1253.076875,778.6256308,0,1,,1,4,1,0,-1,8.666667,"LINESTRING (1.66466 1.25331, 1.55343 1.26946)"
99,27,24,1,25000,15.534275,1,900,2249.998875,1398.084051,0,1,,1,4,1,0,-1,0.666667,"LINESTRING (1.55343 1.26946, 1.54784 1.25393)"
100,27,42,1,408000,253.519368,1,2800,1112.727273,691.4164582,0,1,,1,4,1,0,-1,22,"LINESTRING (1.55343 1.26946, 1.30178 1.30613)"
101,27,141,1,212000,131.730652,1,900,1526.400061,948.4607323,0,1,,1,4,1,0,-1,8.333333,"LINESTRING (1.55343 1.26946, 1.58761 1.39747)"
102,28,57,1,308000,191.382268,1,2800,1630.588283,1013.200272,0,1,,1,4,1,0,-1,11.333333,"LINESTRING (1.80447 1.21789, 1.99461 1.19055)"
103,29,9,1,0,0,1,999999,90,55.92339,0,0,,0,4,1,0,-1,0,"LINESTRING (1.24523 1.52112, 1.37634 1.56648)"
104,29,18,1,0,0,1,999999,90,55.92339,0,0,,0,4,1,0,-1,0,"LINESTRING (1.24523 1.52112, 1.09672 1.54225)"
105,29,30,1,182000,113.089522,1,2800,935.9999733,581.6032394,0,1,,1,4,1,0,-1,11.666667,"LINESTRING (1.24523 1.52112, 1.19863 1.62489)"
106,29,39,1,43000,26.718953,1,2800,2580,1603.13718,0,1,,1,4,1,0,-1,1,"LINESTRING (1.24523 1.52112, 1.22597 1.50248)"
107,30,18,1,0,0,1,999999,90,55.92339,0,0,,0,4,1,0,-1,0,"LINESTRING (1.19863 1.62489, 1.09672 1.54225)"
108,30,36,1,225000,139.808475,1,2800,1350,838.85085,0,1,,1,4,1,0,-1,10,"LINESTRING (1.19863 1.62489, 1.14208 1.75351)"
109,31,1,1,0,0,1,999999,90,55.92339,0,0,,0,4,1,0,-1,0,"LINESTRING (1.08119 1.89084, 0.974312 1.85107)"
110,31,2,1,0,0,1,999999,90,55.92339,0,0,,0,4,1,0,-1,0,"LINESTRING (1.08119 1.89084, 1.15575 1.93495)"
111,31,40,1,239000,148.507669,1,2800,1303.636364,810.0418309,0,1,,1,4,1,0,-1,11,"LINESTRING (1.08119 1.89084, 1.02029 2.02692)"
112,31,216,1,210000,130.48791,1,600,1145.454545,711.7522364,0,1,,1,4,1,0,-1,11,"LINESTRING (1.08119 1.89084, 1.20111 1.94614)"
113,32,1,1,0,0,1,999999,90,55.92339,0,0,,0,4,1,0,-1,0,"LINESTRING (1.0613 1.88214, 0.974312 1.85107)"
114,32,2,1,0,0,1,999999,90,55.92339,0,0,,0,4,1,0,-1,0,"LINESTRING (1.0613 1.88214, 1.15575 1.93495)"
115,32,31,1,35000,21.747985,1,600,1259.999748,782.9273034,0,1,,1,4,1,0,-1,1.666667,"LINESTRING (1.0613 1.88214, 1.08119 1.89084)"
116,32,38,1,241000,149.750411,1,2800,1735.200069,1078.203002,0,1,,1,4,1,0,-1,8.333333,"LINESTRING (1.0613 1.88214, 1.12158 1.74481)"
117,33,32,1,199000,123.652829,1,2800,942.6315541,585.7239114,0,1,,1,4,1,0,-1,12.666667,"LINESTRING (1.01097 1.99585, 1.0613 1.88214)"
118,34,35,1,34000,21.126614,1,2400,3059.99847,1901.394309,0,1,,1,4,1,0,-1,0.666667,"LINESTRING (1.01408 2.03686, 0.995439 2.02692)"
119,35,41,1,17000,10.563307,1,2800,1529.999235,950.6971547,0,1,,1,4,1,0,-1,0.666667,"LINESTRING (0.995439 2.02692, 1.00103 2.01698)"
120,35,180,1,138000,85.749198,1,2400,1129.09096,701.5843792,0,1,,1,4,1,0,-1,7.333333,"LINESTRING (0.995439 2.02692, 0.91901 1.98653)"
121,36,37,1,123000,76.428633,1,2800,2012.72709,1250.650244,0,1,,1,4,1,0,-1,3.666667,"LINESTRING (1.14208 1.75351, 1.11101 1.82373)"
122,36,38,1,35000,21.747985,1,600,2100,1304.8791,0,1,,1,4,1,0,-1,1,"LINESTRING (1.14208 1.75351, 1.12158 1.74481)"
123,37,2,1,0,0,1,999999,90,55.92339,0,0,,0,4,1,0,-1,0,"LINESTRING (1.11101 1.82373, 1.15575 1.93495)"
124,37,31,1,118000,73.321778,1,2800,461.7391405,286.9113115,0,1,,1,4,1,0,-1,15.333333,"LINESTRING (1.11101 1.82373, 1.08119 1.89084)"
125,38,36,1,35000,21.747985,1,600,2100,1304.8791,0,1,,1,4,1,0,-1,1,"LINESTRING (1.12158 1.74481, 1.14208 1.75351)"
126,38,39,1,423000,262.839933,1,2800,2239.411831,1391.505569,0,1,,1,4,1,0,-1,11.333333,"LINESTRING (1.12158 1.74481, 1.22597 1.50248)"
127,38,162,1,85000,52.816535,1,600,1700,1056.3307,0,1,,1,4,1,0,-1,3,"LINESTRING (1.12158 1.74481, 1.07249 1.72431)"
128,39,9,1,0,0,1,999999,90,55.92339,0,0,,0,4,1,0,-1,0,"LINESTRING (1.22597 1.50248, 1.37634 1.56648)"
129,39,18,1,0,0,1,999999,90,55.92339,0,0,,0,4,1,0,-1,0,"LINESTRING (1.22597 1.50248, 1.09672 1.54225)"
130,39,49,1,75000,46.602825,1,2800,1350.000135,838.8509339,0,1,,1,4,1,0,-1,3.333333,"LINESTRING (1.22597 1.50248, 1.24088 1.46271)"
131,40,34,1,18000,11.184678,1,2800,3240.00324,2013.244053,0,1,,1,4,1,0,-1,0.333333,"LINESTRING (1.02029 2.02692, 1.01408 2.03686)"
132,40,84,1,215000,133.594765,1,2400,2764.285517,1717.646856,0,1,,1,4,1,0,-1,4.666667,"LINESTRING (1.02029 2.02692, 1.1396 2.08719)"
133,41,33,1,37000,22.990727,1,2800,1665.000416,1034.582974,0,1,,1,4,1,0,-1,1.333333,"LINESTRING (1.00103 2.01698, 1.01097 1.99585)"
134,41,40,1,34000,21.126614,1,2400,3059.99847,1901.394309,0,1,,1,4,1,0,-1,0.666667,"LINESTRING (1.00103 2.01698, 1.02029 2.02692)"
135,42,3,1,0,0,1,999999,90,55.92339,0,0,,0,4,1,0,-1,0,"LINESTRING (1.30178 1.30613, 1.28811 1.19366)"
136,42,43,1,39000,24.233469,1,2800,877.4998903,545.2529843,0,1,,1,4,1,0,-1,2.666667,"LINESTRING (1.30178 1.30613, 1.29743 1.33036)"
137,42,50,1,35000,21.747985,1,2800,1259.999748,782.9273034,0,1,,1,4,1,0,-1,1.666667,"LINESTRING (1.30178 1.30613, 1.27941 1.30923)"
138,43,47,1,223000,138.565733,1,2800,1911.428571,1187.706283,0,1,,1,4,1,0,-1,7,"LINESTRING (1.29743 1.33036, 1.26387 1.4652)"
139,44,3,1,0,0,1,999999,90,55.92339,0,0,,0,4,1,0,-1,0,"LINESTRING (1.30115 1.29121, 1.28811 1.19366)"
140,44,24,1,401000,249.169771,1,2800,1678.60469,1043.036275,0,1,,1,4,1,0,-1,14.333333,"LINESTRING (1.30115 1.29121, 1.54784 1.25393)"
141,44,42,1,24000,14.912904,1,2800,863.9998272,536.8644366,0,1,,1,4,1,0,-1,1.666667,"LINESTRING (1.30115 1.29121, 1.30178 1.30613)"
142,45,46,1,33000,20.505243,1,900,1485.000371,922.7361657,0,1,,1,4,1,0,-1,1.333333,"LINESTRING (1.22659 1.07063, 1.24647 1.06565)"
143,45,60,1,435000,270.296385,1,2800,1450,900.98795,0,1,,1,4,1,0,-1,18,"LINESTRING (1.22659 1.07063, 1.15948 0.807163)"
144,45,187,1,176000,109.361296,1,900,2262.856981,1406.073705,0,1,,1,4,1,0,-1,4.666667,"LINESTRING (1.22659 1.07063, 1.11971 1.09672)"
145,46,45,1,33000,20.505243,1,900,1980,1230.31458,0,1,,1,4,1,0,-1,1,"LINESTRING (1.24647 1.06565, 1.22659 1.07063)"
146,46,62,1,196000,121.788716,1,2800,1306.666667,811.9247733,0,1,,1,4,1,0,-1,9,"LINESTRING (1.24647 1.06565, 1.2763 1.18434)"
147,46,95,1,296000,183.925816,1,900,1664.999948,1034.582683,0,1,,1,4,1,0,-1,10.666667,"LINESTRING (1.24647 1.06565, 1.42543 1.02154)"
148,47,9,1,0,0,1,999999,90,55.92339,0,0,,0,4,1,0,-1,0,"LINESTRING (1.26387 1.4652, 1.37634 1.56648)"
149,47,18,1,0,0,1,999999,90,55.92339,0,0,,0,4,1,0,-1,0,"LINESTRING (1.26387 1.4652, 1.09672 1.54225)"
150,47,48,1,34000,21.126614,1,2800,3059.99847,1901.394309,0,1,,1,4,1,0,-1,0.666667,"LINESTRING (1.26387 1.4652, 1.27506 1.48384)"
151,48,29,1,90000,55.92339,1,2800,1080,671.08068,0,1,,1,4,1,0,-1,5,"LINESTRING (1.27506 1.48384, 1.24523 1.52112)"
152,49,47,1,37000,22.990727,1,2800,3329.998335,2069.164395,0,1,,1,4,1,0,-1,0.666667,"LINESTRING (1.24088 1.46271, 1.26387 1.4652)"
153,49,50,1,254000,157.828234,1,2800,703.3846046,437.0627951,0,1,,1,4,1,0,-1,21.666667,"LINESTRING (1.24088 1.46271, 1.27941 1.30923)"
154,50,51,1,25000,15.534275,1,2800,1500,932.0565,0,1,,1,4,1,0,-1,1,"LINESTRING (1.27941 1.30923, 1.28127 1.2937)"
155,50,63,1,302000,187.654042,1,2800,2265,1407.405315,0,1,,1,4,1,0,-1,8,"LINESTRING (1.27941 1.30923, 1.09299 1.33657)"
156,51,44,1,33000,20.505243,1,2800,1980,1230.31458,0,1,,1,4,1,0,-1,1,"LINESTRING (1.28127 1.2937, 1.30115 1.29121)"
157,51,45,1,369000,229.285899,1,2800,1230,764.28633,0,1,,1,4,1,0,-1,18,"LINESTRING (1.28127 1.2937, 1.22659 1.07063)"
158,52,20,1,0,0,1,999999,90,55.92339,0,0,,0,4,1,0,-1,0,"LINESTRING (1.19614 0.950079, 1.02278 0.927088)"
159,53,20,1,0,0,1,999999,90,55.92339,0,0,,0,4,1,0,-1,0,"LINESTRING (1.21603 0.944487, 1.02278 0.927088)"
160,53,46,1,201000,124.895571,1,2800,1206,749.373426,0,1,,1,4,1,0,-1,10,"LINESTRING (1.21603 0.944487, 1.24647 1.06565)"
161,53,52,1,33000,20.505243,1,900,2969.998515,1845.470947,0,1,,1,4,1,0,-1,0.666667,"LINESTRING (1.21603 0.944487, 1.19614 0.950079)"
162,53,127,1,567000,352.317357,1,900,1646.129006,1022.856826,0,1,,1,4,1,0,-1,20.666667,"LINESTRING (1.21603 0.944487, 1.55281 0.835746)"
163,54,23,1,0,0,1,999999,90,55.92339,0,0,,0,4,1,0,-1,0,"LINESTRING (2.11018 1.19117, 2.02816 1.41673)"
164,54,25,1,403000,250.412513,1,2800,1229.491505,763.9703657,0,1,,1,4,1,0,-1,19.666667,"LINESTRING (2.11018 1.19117, 1.86101 1.22597)"
165,54,55,1,26000,16.155646,1,900,1170.000293,727.0042518,0,1,,1,4,1,0,-1,1.333333,"LINESTRING (2.11018 1.19117, 2.10832 1.17502)"
166,55,54,1,26000,16.155646,1,900,935.9998128,581.6031397,0,1,,1,4,1,0,-1,1.666667,"LINESTRING (2.10832 1.17502, 2.11018 1.19117)"
167,55,145,1,178000,110.604038,1,900,821.5384615,510.4801754,0,1,,1,4,1,0,-1,13,"LINESTRING (2.10832 1.17502, 2.09092 1.06503)"
168,55,222,1,145000,90.098795,1,2800,1740,1081.18554,0,1,,1,4,1,0,-1,5,"LINESTRING (2.10832 1.17502, 2.19904 1.16197)"
169,56,54,1,70000,43.49597,1,2800,1050,652.43955,0,1,,1,4,1,0,-1,4,"LINESTRING (2.15368 1.18434, 2.11018 1.19117)"
170,57,23,1,0,0,1,999999,90,55.92339,0,0,,0,4,1,0,-1,0,"LINESTRING (1.99461 1.19055, 2.02816 1.41673)"
171,57,55,1,184000,114.332264,1,2800,1142.068926,709.6485107,0,1,,1,4,1,0,-1,9.666667,"LINESTRING (1.99461 1.19055, 2.10832 1.17502)"
172,57,144,1,178000,110.604038,1,600,1456.363703,904.9421702,0,1,,1,4,1,0,-1,7.333333,"LINESTRING (1.99461 1.19055, 1.97162 1.08181)"
173,58,59,1,148000,91.962908,1,2800,1158.260819,719.7096835,0,1,,1,4,1,0,-1,7.666667,"LINESTRING (1.13835 0.712093, 1.17937 0.794736)"
174,58,122,1,222000,137.944362,1,2800,713.5714158,443.3925842,0,1,,1,4,1,0,-1,18.666667,"LINESTRING (1.13835 0.712093, 1.08865 0.582226)"
175,59,53,1,247000,153.478637,1,2800,1587.8572,986.648416,0,1,,1,4,1,0,-1,9.333333,"LINESTRING (1.17937 0.794736, 1.21603 0.944487)"
176,59,60,1,37000,22.990727,1,900,2220,1379.44362,0,1,,1,4,1,0,-1,1,"LINESTRING (1.17937 0.794736, 1.15948 0.807163)"
177,59,93,1,101000,62.758471,1,900,1818.000182,1129.652591,0,1,,1,4,1,0,-1,3.333333,"LINESTRING (1.17937 0.794736, 1.24026 0.777959)"
178,60,20,1,0,0,1,999999,90,55.92339,0,0,,0,4,1,0,-1,0,"LINESTRING (1.15948 0.807163, 1.02278 0.927088)"
179,60,58,1,156000,96.933876,1,2800,624,387.735504,0,1,,1,4,1,0,-1,15,"LINESTRING (1.15948 0.807163, 1.13835 0.712093)"
180,60,59,1,37000,22.990727,1,900,2220,1379.44362,0,1,,1,4,1,0,-1,1,"LINESTRING (1.15948 0.807163, 1.17937 0.794736)"
181,61,3,1,0,0,1,999999,90,55.92339,0,0,,0,4,1,0,-1,0,"LINESTRING (1.27816 1.19179, 1.28811 1.19366)"
182,61,44,1,163000,101.283473,1,2800,497.2881272,309.0004209,0,1,,1,4,1,0,-1,19.666667,"LINESTRING (1.27816 1.19179, 1.30115 1.29121)"
183,62,3,1,0,0,1,999999,90,55.92339,0,0,,0,4,1,0,-1,0,"LINESTRING (1.2763 1.18434, 1.28811 1.19366)"
184,62,61,1,12000,7.456452,1,2800,1079.99946,671.0803445,0,1,,1,4,1,0,-1,0.666667,"LINESTRING (1.2763 1.18434, 1.27816 1.19179)"
185,62,82,1,430000,267.18953,1,2400,2866.666667,1781.263533,0,1,,1,4,1,0,-1,9,"LINESTRING (1.2763 1.18434, 1.51863 1.07187)"
186,63,64,1,589000,365.987519,1,2800,2120.399958,1317.555042,0,1,,1,4,1,0,-1,16.666667,"LINESTRING (1.09299 1.33657, 0.730113 1.38815)"
187,64,67,1,14000,8.699194,1,2800,2520.00252,1565.856486,0,1,,1,4,1,0,-1,0.333333,"LINESTRING (0.730113 1.38815, 0.721414 1.39001)"
188,64,88,1,113000,70.214923,1,900,1196.470518,743.4520821,0,1,,1,4,1,0,-1,5.666667,"LINESTRING (0.730113 1.38815, 0.744405 1.45774)"
189,65,21,1,0,0,1,999999,90,55.92339,0,0,,0,4,1,0,-1,0,"LINESTRING (0.969963 1.33844, 0.84631 1.23405)"
190,65,51,1,504000,313.170984,1,2800,1711.698081,1063.599548,0,1,,1,4,1,0,-1,17.666667,"LINESTRING (0.969963 1.33844, 1.28127 1.2937)"
191,66,64,1,26000,16.155646,1,900,1560,969.33876,0,1,,1,4,1,0,-1,1,"LINESTRING (0.722656 1.37386, 0.730113 1.38815)"
192,66,65,1,401000,249.169771,1,2800,2122.941239,1319.134121,0,1,,1,4,1,0,-1,11.333333,"LINESTRING (0.722656 1.37386, 0.969963 1.33844)"
193,66,208,1,85000,52.816535,1,900,1912.499761,1188.371889,0,1,,1,4,1,0,-1,2.666667,"LINESTRING (0.722656 1.37386, 0.714579 1.32166)"
194,67,66,1,25000,15.534275,1,900,642.8572347,399.4528428,0,1,,1,4,1,0,-1,2.333333,"LINESTRING (0.721414 1.39001, 0.722656 1.37386)"
195,67,185,1,276000,171.498396,1,2800,2258.181921,1403.168758,0,1,,1,4,1,0,-1,7.333333,"LINESTRING (0.721414 1.39001, 0.551779 1.41673)"
196,68,13,1,0,0,1,999999,90,55.92339,0,0,,0,4,1,0,-1,0,"LINESTRING (1.81689 0.810891, 1.68019 0.817105)"
197,68,69,1,11000,6.835081,1,900,1980.00198,1230.31581,0,1,,1,4,1,0,-1,0.333333,"LINESTRING (1.81689 0.810891, 1.82062 0.817105)"
198,68,77,1,223000,138.565733,1,2400,2230,1385.65733,0,1,,1,4,1,0,-1,6,"LINESTRING (1.81689 0.810891, 1.90824 0.705879)"
199,68,220,1,112000,69.593552,1,900,2519.999685,1565.854724,0,1,,1,4,1,0,-1,2.666667,"LINESTRING (1.81689 0.810891, 1.78148 0.750618)"
200,69,68,1,11000,6.835081,1,900,1980.00198,1230.31581,0,1,,1,4,1,0,-1,0.333333,"LINESTRING (1.82062 0.817105, 1.81689 0.810891)"
201,69,72,1,107000,66.486697,1,2400,1926.000193,1196.760666,0,1,,1,4,1,0,-1,3.333333,"LINESTRING (1.82062 0.817105, 1.77713 0.868058)"
202,69,111,1,135000,83.885085,1,900,2430.000243,1509.931681,0,1,,1,4,1,0,-1,3.333333,"LINESTRING (1.82062 0.817105, 1.86225 0.889806)"
203,70,4,1,0,0,1,999999,90,55.92339,0,0,,0,4,1,0,-1,0,"LINESTRING (1.61308 1.05696, 1.54535 1.10232)"
204,70,71,1,260000,161.55646,1,2400,2925.000183,1817.510289,0,1,,1,4,1,0,-1,5.333333,"LINESTRING (1.61308 1.05696, 1.45712 1.10045)"
205,70,75,1,18000,11.184678,1,900,3240.00324,2013.244053,0,1,,1,4,1,0,-1,0.333333,"LINESTRING (1.61308 1.05696, 1.60998 1.04639)"
206,71,4,1,0,0,1,999999,90,55.92339,0,0,,0,4,1,0,-1,0,"LINESTRING (1.45712 1.10045, 1.54535 1.10232)"
207,71,24,1,287000,178.333477,1,600,2348.181925,1459.092151,0,1,,1,4,1,0,-1,7.333333,"LINESTRING (1.45712 1.10045, 1.54784 1.25393)"
208,71,61,1,323000,200.702833,1,2400,2768.571429,1720.309997,0,1,,1,4,1,0,-1,7,"LINESTRING (1.45712 1.10045, 1.27816 1.19179)"
209,72,13,1,0,0,1,999999,90,55.92339,0,0,,0,4,1,0,-1,0,"LINESTRING (1.77713 0.868058, 1.68019 0.817105)"
210,72,80,1,166000,103.147586,1,2400,1992,1237.771032,0,1,,1,4,1,0,-1,5,"LINESTRING (1.77713 0.868058, 1.71685 0.951943)"
211,73,5,1,0,0,1,999999,90,55.92339,0,0,,0,4,1,0,-1,0,"LINESTRING (1.89705 0.730113, 1.91445 0.707744)"
212,73,69,1,186000,115.575006,1,2400,1287.692258,800.1346261,0,1,,1,4,1,0,-1,8.666667,"LINESTRING (1.89705 0.730113, 1.82062 0.817105)"
213,74,10,1,0,0,1,999999,90,55.92339,0,0,,0,4,1,0,-1,0,"LINESTRING (1.67895 1.01284, 1.7821 1.03583)"
214,74,70,1,128000,79.535488,1,2400,2879.99964,1789.548256,0,1,,1,4,1,0,-1,2.666667,"LINESTRING (1.67895 1.01284, 1.61308 1.05696)"
215,75,4,1,0,0,1,999999,90,55.92339,0,0,,0,4,1,0,-1,0,"LINESTRING (1.60998 1.04639, 1.54535 1.10232)"
216,75,70,1,18000,11.184678,1,900,3240.00324,2013.244053,0,1,,1,4,1,0,-1,0.333333,"LINESTRING (1.60998 1.04639, 1.61308 1.05696)"
217,75,76,1,128000,79.535488,1,2400,2879.99964,1789.548256,0,1,,1,4,1,0,-1,2.666667,"LINESTRING (1.60998 1.04639, 1.67584 1.00165)"
218,75,123,1,107000,66.486697,1,900,2407.499699,1495.950496,0,1,,1,4,1,0,-1,2.666667,"LINESTRING (1.60998 1.04639, 1.59258 0.981769)"
219,76,10,1,0,0,1,999999,90,55.92339,0,0,,0,4,1,0,-1,0,"LINESTRING (1.67584 1.00165, 1.7821 1.03583)"
220,76,79,1,89000,55.302019,1,2400,2670,1659.06057,0,1,,1,4,1,0,-1,2,"LINESTRING (1.67584 1.00165, 1.70505 0.954429)"
221,77,5,1,0,0,1,999999,90,55.92339,0,0,,0,4,1,0,-1,0,"LINESTRING (1.90824 0.705879, 1.91445 0.707744)"
222,77,78,1,16000,9.941936,1,2400,2880.00288,1789.55027,0,1,,1,4,1,0,-1,0.333333,"LINESTRING (1.90824 0.705879, 1.91569 0.699044)"
223,78,5,1,0,0,1,999999,90,55.92339,0,0,,0,4,1,0,-1,0,"LINESTRING (1.91569 0.699044, 1.91445 0.707744)"
224,78,96,1,142000,88.234682,1,2400,946.6666667,588.2312133,0,1,,1,4,1,0,-1,9,"LINESTRING (1.91569 0.699044, 1.98591 0.645606)"
225,79,10,1,0,0,1,999999,90,55.92339,0,0,,0,4,1,0,-1,0,"LINESTRING (1.70505 0.954429, 1.7821 1.03583)"
226,79,68,1,291000,180.818961,1,2400,1378.421016,856.5108454,0,1,,1,4,1,0,-1,12.666667,"LINESTRING (1.70505 0.954429, 1.81689 0.810891)"
227,79,80,1,19000,11.806049,1,900,3420.00342,2125.090945,0,1,,1,4,1,0,-1,0.333333,"LINESTRING (1.70505 0.954429, 1.71685 0.951943)"
228,79,123,1,185000,114.953635,1,900,2378.571259,1477.975202,0,1,,1,4,1,0,-1,4.666667,"LINESTRING (1.70505 0.954429, 1.59258 0.981769)"
229,80,10,1,0,0,1,999999,90,55.92339,0,0,,0,4,1,0,-1,0,"LINESTRING (1.71685 0.951943, 1.7821 1.03583)"
230,80,79,1,19000,11.806049,1,900,3420.00342,2125.090945,0,1,,1,4,1,0,-1,0.333333,"LINESTRING (1.71685 0.951943, 1.70505 0.954429)"
231,80,81,1,24000,14.912904,1,2400,2159.99892,1342.160689,0,1,,1,4,1,0,-1,0.666667,"LINESTRING (1.71685 0.951943, 1.70878 0.964992)"
232,81,74,1,90000,55.92339,1,2400,2314.286045,1438.030234,0,1,,1,4,1,0,-1,2.333333,"LINESTRING (1.70878 0.964992, 1.67895 1.01284)"
233,82,4,1,0,0,1,999999,90,55.92339,0,0,,0,4,1,0,-1,0,"LINESTRING (1.51863 1.07187, 1.54535 1.10232)"
234,82,75,1,152000,94.448392,1,2400,2736.000274,1700.071226,0,1,,1,4,1,0,-1,3.333333,"LINESTRING (1.51863 1.07187, 1.60998 1.04639)"
235,84,83,1,104000,64.622584,1,2400,2339.999708,1454.007958,0,1,,1,4,1,0,-1,2.666667,"LINESTRING (1.1396 2.08719, 1.19925 2.11142)"
236,84,85,1,16000,9.941936,1,900,2880.00288,1789.55027,0,1,,1,4,1,0,-1,0.333333,"LINESTRING (1.1396 2.08719, 1.13587 2.09651)"
237,84,216,1,247000,153.478637,1,900,2340.000123,1454.008217,0,1,,1,4,1,0,-1,6.333333,"LINESTRING (1.1396 2.08719, 1.20111 1.94614)"
238,85,34,1,218000,135.458878,1,2400,2802.856943,1741.614021,0,1,,1,4,1,0,-1,4.666667,"LINESTRING (1.13587 2.09651, 1.01408 2.03686)"
239,85,84,1,16000,9.941936,1,900,2880.00288,1789.55027,0,1,,1,4,1,0,-1,0.333333,"LINESTRING (1.13587 2.09651, 1.1396 2.08719)"
240,86,119,1,213000,132.352023,1,2800,2396.25015,1488.960352,0,1,,1,4,1,0,-1,5.333333,"LINESTRING (1.37075 0.231772, 1.49129 0.17647)"
241,86,120,1,252000,156.585492,1,900,1193.684179,741.7207321,0,1,,1,4,1,0,-1,12.666667,"LINESTRING (1.37075 0.231772, 1.42791 0.378416)"
242,86,191,1,456000,283.345176,1,2800,2104.615385,1307.746966,0,1,,1,4,1,0,-1,13,"LINESTRING (1.37075 0.231772, 1.10977 0.343619)"
243,87,86,1,161000,100.040731,1,2800,2415,1500.610965,0,1,,1,4,1,0,-1,4,"LINESTRING (1.27879 0.272783, 1.37075 0.231772)"
244,88,17,1,0,0,1,999999,90,55.92339,0,0,,0,4,1,0,-1,0,"LINESTRING (0.744405 1.45774, 0.82394 1.65658)"
245,88,89,1,20000,12.42742,1,900,3600.0036,2236.937837,0,1,,1,4,1,0,-1,0.333333,"LINESTRING (0.744405 1.45774, 0.731977 1.46085)"
246,88,91,1,49000,30.447179,1,900,1763.999647,1096.098225,0,1,,1,4,1,0,-1,1.666667,"LINESTRING (0.744405 1.45774, 0.774852 1.45153)"
247,88,213,1,399000,247.927029,1,900,1670.232597,1037.834099,0,1,,1,4,1,0,-1,14.333333,"LINESTRING (0.744405 1.45774, 0.567935 1.64477)"
248,89,17,1,0,0,1,999999,90,55.92339,0,0,,0,4,1,0,-1,0,"LINESTRING (0.731977 1.46085, 0.82394 1.65658)"
249,89,88,1,20000,12.42742,1,900,1200,745.6452,0,1,,1,4,1,0,-1,1,"LINESTRING (0.731977 1.46085, 0.744405 1.45774)"
250,89,90,1,86000,53.437906,1,900,814.736885,506.253873,0,1,,1,4,1,0,-1,6.333333,"LINESTRING (0.731977 1.46085, 0.722656 1.40803)"
251,90,67,1,29000,18.019759,1,900,2609.998695,1621.777499,0,1,,1,4,1,0,-1,0.666667,"LINESTRING (0.722656 1.40803, 0.721414 1.39001)"
252,91,160,1,519000,322.491549,1,600,1315.774629,817.5841972,0,1,,1,4,1,0,-1,23.666667,"LINESTRING (0.774852 1.45153, 0.970584 1.68019)"
253,92,12,1,0,0,1,999999,90,55.92339,0,0,,0,4,1,0,-1,0,"LINESTRING (1.35149 0.748133, 1.43848 0.812134)"
254,92,59,1,286000,177.712106,1,900,2451.428571,1523.246623,0,1,,1,4,1,0,-1,7,"LINESTRING (1.35149 0.748133, 1.17937 0.794736)"
255,93,125,1,465000,288.937515,1,900,2391.428503,1485.96432,0,1,,1,4,1,0,-1,11.666667,"LINESTRING (1.24026 0.777959, 1.50621 0.666733)"
256,94,12,1,0,0,1,999999,90,55.92339,0,0,,0,4,1,0,-1,0,"LINESTRING (1.35211 0.905961, 1.43848 0.812134)"
257,94,53,1,227000,141.051217,1,900,2403.52927,1493.483386,0,1,,1,4,1,0,-1,5.666667,"LINESTRING (1.35211 0.905961, 1.21603 0.944487)"
258,95,46,1,296000,183.925816,1,900,2421.818292,1504.847654,0,1,,1,4,1,0,-1,7.333333,"LINESTRING (1.42543 1.02154, 1.24647 1.06565)"
259,95,129,1,182000,113.089522,1,900,1560,969.33876,0,1,,1,4,1,0,-1,7,"LINESTRING (1.42543 1.02154, 1.53603 0.994818)"
260,96,5,1,0,0,1,999999,90,55.92339,0,0,,0,4,1,0,-1,0,"LINESTRING (1.98591 0.645606, 1.91445 0.707744)"
261,96,97,1,16000,9.941936,1,900,2880.00288,1789.55027,0,1,,1,4,1,0,-1,0.333333,"LINESTRING (1.98591 0.645606, 1.99088 0.654305)"
262,97,73,1,194000,120.545974,1,2400,2054.117526,1276.369061,0,1,,1,4,1,0,-1,5.666667,"LINESTRING (1.99088 0.654305, 1.89705 0.730113)"
263,97,96,1,16000,9.941936,1,900,2880.00288,1789.55027,0,1,,1,4,1,0,-1,0.333333,"LINESTRING (1.99088 0.654305, 1.98591 0.645606)"
264,97,133,1,202000,125.516942,1,900,2424,1506.203304,0,1,,1,4,1,0,-1,5,"LINESTRING (1.99088 0.654305, 2.05177 0.76491)"
265,98,108,1,88000,54.680648,1,600,2262.857466,1406.074007,0,1,,1,4,1,0,-1,2.333333,"LINESTRING (1.80944 0.924603, 1.76346 0.955671)"
266,99,8,1,0,0,1,999999,90,55.92339,0,0,,0,4,1,0,-1,0,"LINESTRING (1.59941 0.28956, 1.4826 0.306958)"
267,99,16,1,0,0,1,999999,90,55.92339,0,0,,0,4,1,0,-1,0,"LINESTRING (1.59941 0.28956, 1.66217 0.280239)"
268,99,100,1,217000,134.837507,1,900,2441.250153,1516.922049,0,1,,1,4,1,0,-1,5.333333,"LINESTRING (1.59941 0.28956, 1.7299 0.254141)"
269,99,110,1,90000,55.92339,1,900,2314.286045,1438.030234,0,1,,1,4,1,0,-1,2.333333,"LINESTRING (1.59941 0.28956, 1.58947 0.234258)"
270,99,114,1,150000,93.20565,1,900,1421.052706,883.0009412,0,1,,1,4,1,0,-1,6.333333,"LINESTRING (1.59941 0.28956, 1.50807 0.31255)"
271,100,16,1,0,0,1,999999,90,55.92339,0,0,,0,4,1,0,-1,0,"LINESTRING (1.7299 0.254141, 1.66217 0.280239)"
272,100,99,1,217000,134.837507,1,900,2055.789582,1277.408028,0,1,,1,4,1,0,-1,6.333333,"LINESTRING (1.7299 0.254141, 1.59941 0.28956)"
273,100,106,1,168000,104.390328,1,900,2326.154025,1445.404653,0,1,,1,4,1,0,-1,4.333333,"LINESTRING (1.7299 0.254141, 1.82497 0.210645)"
274,100,107,1,264000,164.041944,1,600,2375.999881,1476.377422,0,1,,1,4,1,0,-1,6.666667,"LINESTRING (1.7299 0.254141, 1.83926 0.308822)"
275,101,111,1,173000,107.497183,1,900,1946.250122,1209.343384,0,1,,1,4,1,0,-1,5.333333,"LINESTRING (1.91631 0.983633, 1.86225 0.889806)"
276,101,144,1,181000,112.468151,1,900,2327.142691,1446.018981,0,1,,1,4,1,0,-1,4.666667,"LINESTRING (1.91631 0.983633, 1.97162 1.08181)"
277,102,112,1,292000,181.440332,1,600,1347.692308,837.4169169,0,1,,1,4,1,0,-1,13,"LINESTRING (1.83678 0.342998, 1.96354 0.391465)"
278,103,16,1,0,0,1,999999,90,55.92339,0,0,,0,4,1,0,-1,0,"LINESTRING (1.58139 0.294531, 1.66217 0.280239)"
279,103,99,1,29000,18.019759,1,900,2609.998695,1621.777499,0,1,,1,4,1,0,-1,0.666667,"LINESTRING (1.58139 0.294531, 1.59941 0.28956)"
280,104,16,1,0,0,1,999999,90,55.92339,0,0,,0,4,1,0,-1,0,"LINESTRING (1.56897 0.254141, 1.66217 0.280239)"
281,104,116,1,96000,59.651616,1,900,2468.571781,1533.898916,0,1,,1,4,1,0,-1,2.333333,"LINESTRING (1.56897 0.254141, 1.52609 0.296395)"
282,105,107,1,218000,135.458878,1,600,2452.500153,1523.912473,0,1,,1,4,1,0,-1,5.333333,"LINESTRING (1.88338 0.408242, 1.83926 0.308822)"
283,106,100,1,168000,104.390328,1,900,1778.823425,1105.30929,0,1,,1,4,1,0,-1,5.666667,"LINESTRING (1.82497 0.210645, 1.7299 0.254141)"
284,106,107,1,159000,98.797989,1,600,1430.999928,889.1818565,0,1,,1,4,1,0,-1,6.666667,"LINESTRING (1.82497 0.210645, 1.83926 0.308822)"
285,106,118,1,133000,82.642343,1,900,2176.363439,1352.329126,0,1,,1,4,1,0,-1,3.666667,"LINESTRING (1.82497 0.210645, 1.80447 0.130488)"
286,107,100,1,264000,164.041944,1,600,2375.999881,1476.377422,0,1,,1,4,1,0,-1,6.666667,"LINESTRING (1.83926 0.308822, 1.7299 0.254141)"
287,107,102,1,55000,34.175405,1,600,1414.285916,878.7962541,0,1,,1,4,1,0,-1,2.333333,"LINESTRING (1.83926 0.308822, 1.83678 0.342998)"
288,107,106,1,159000,98.797989,1,600,1192.5,740.9849175,0,1,,1,4,1,0,-1,8,"LINESTRING (1.83926 0.308822, 1.82497 0.210645)"
289,108,74,1,162000,100.662102,1,600,2243.077096,1393.783058,0,1,,1,4,1,0,-1,4.333333,"LINESTRING (1.76346 0.955671, 1.67895 1.01284)"
290,109,106,1,291000,180.818961,1,900,1587.272727,986.2852418,0,1,,1,4,1,0,-1,11,"LINESTRING (1.76905 0.0385251, 1.82497 0.210645)"
291,109,115,1,115000,71.457665,1,600,1293.750081,803.8987815,0,1,,1,4,1,0,-1,5.333333,"LINESTRING (1.76905 0.0385251, 1.82932 0.0)"
292,109,117,1,375000,233.014125,1,2800,1730.769231,1075.449808,0,1,,1,4,1,0,-1,13,"LINESTRING (1.76905 0.0385251, 1.56027 0.142916)"
293,110,99,1,90000,55.92339,1,900,1080,671.08068,0,1,,1,4,1,0,-1,5,"LINESTRING (1.58947 0.234258, 1.59941 0.28956)"
294,110,117,1,153000,95.069763,1,900,2503.636136,1555.686889,0,1,,1,4,1,0,-1,3.666667,"LINESTRING (1.58947 0.234258, 1.56027 0.142916)"
295,111,69,1,135000,83.885085,1,900,607.5000152,377.4828919,0,1,,1,4,1,0,-1,13.333333,"LINESTRING (1.86225 0.889806, 1.82062 0.817105)"
296,111,98,1,101000,62.758471,1,600,2272.499716,1412.065421,0,1,,1,4,1,0,-1,2.666667,"LINESTRING (1.86225 0.889806, 1.80944 0.924603)"
297,111,101,1,173000,107.497183,1,900,2395.3848,1488.422648,0,1,,1,4,1,0,-1,4.333333,"LINESTRING (1.86225 0.889806, 1.91631 0.983633)"
298,112,105,1,129000,80.156859,1,600,1935,1202.352885,0,1,,1,4,1,0,-1,4,"LINESTRING (1.96354 0.391465, 1.88338 0.408242)"
299,112,115,1,675000,419.425425,1,600,2382.352941,1480.325029,0,1,,1,4,1,0,-1,17,"LINESTRING (1.96354 0.391465, 1.82932 0.0)"
300,112,130,1,97000,60.272987,1,600,2494.286071,1549.87703,0,1,,1,4,1,0,-1,2.333333,"LINESTRING (1.96354 0.391465, 1.97534 0.451117)"
301,113,8,1,0,0,1,999999,90,55.92339,0,0,,0,4,1,0,-1,0,"LINESTRING (1.54038 0.305094, 1.4826 0.306958)"
302,113,103,1,68000,42.253228,1,900,2040,1267.59684,0,1,,1,4,1,0,-1,2,"LINESTRING (1.54038 0.305094, 1.58139 0.294531)"
303,114,8,1,0,0,1,999999,90,55.92339,0,0,,0,4,1,0,-1,0,"LINESTRING (1.50807 0.31255, 1.4826 0.306958)"
304,114,120,1,167000,103.768957,1,900,653.4782751,406.0524493,0,1,,1,4,1,0,-1,15.333333,"LINESTRING (1.50807 0.31255, 1.42791 0.378416)"
305,115,109,1,115000,71.457665,1,600,2300,1429.1533,0,1,,1,4,1,0,-1,3,"LINESTRING (1.82932 0.0, 1.76905 0.0385251)"
306,115,112,1,675000,419.425425,1,600,1202.970285,747.490849,0,1,,1,4,1,0,-1,33.666667,"LINESTRING (1.82932 0.0, 1.96354 0.391465)"
307,116,8,1,0,0,1,999999,90,55.92339,0,0,,0,4,1,0,-1,0,"LINESTRING (1.52609 0.296395, 1.4826 0.306958)"
308,116,110,1,141000,87.613311,1,900,2307.272518,1433.672231,0,1,,1,4,1,0,-1,3.666667,"LINESTRING (1.52609 0.296395, 1.58947 0.234258)"
309,116,114,1,38000,23.612098,1,900,1710.000428,1062.544676,0,1,,1,4,1,0,-1,1.333333,"LINESTRING (1.52609 0.296395, 1.50807 0.31255)"
310,117,109,1,375000,233.014125,1,2800,1144.067777,710.8905388,0,1,,1,4,1,0,-1,19.666667,"LINESTRING (1.56027 0.142916, 1.76905 0.0385251)"
311,117,110,1,153000,95.069763,1,900,1836,1140.837156,0,1,,1,4,1,0,-1,5,"LINESTRING (1.56027 0.142916, 1.58947 0.234258)"
312,117,119,1,123000,76.428633,1,2800,2460,1528.57266,0,1,,1,4,1,0,-1,3,"LINESTRING (1.56027 0.142916, 1.49129 0.17647)"
313,118,109,1,158000,98.176618,1,900,451.4285714,280.5046229,0,1,,1,4,1,0,-1,21,"LINESTRING (1.80447 0.130488, 1.76905 0.0385251)"
314,119,86,1,213000,132.352023,1,2800,2556,1588.224276,0,1,,1,4,1,0,-1,5,"LINESTRING (1.49129 0.17647, 1.37075 0.231772)"
315,119,116,1,200000,124.2742,1,600,2400,1491.2904,0,1,,1,4,1,0,-1,5,"LINESTRING (1.49129 0.17647, 1.52609 0.296395)"
316,119,117,1,123000,76.428633,1,2800,1581.428458,982.6537827,0,1,,1,4,1,0,-1,4.666667,"LINESTRING (1.49129 0.17647, 1.56027 0.142916)"
317,120,86,1,252000,156.585492,1,900,2387.368547,1483.441581,0,1,,1,4,1,0,-1,6.333333,"LINESTRING (1.42791 0.378416, 1.37075 0.231772)"
318,120,116,1,205000,127.381055,1,900,2460,1528.57266,0,1,,1,4,1,0,-1,5,"LINESTRING (1.42791 0.378416, 1.52609 0.296395)"
319,120,121,1,60000,37.28226,1,600,1542.857363,958.6868227,0,1,,1,4,1,0,-1,2.333333,"LINESTRING (1.42791 0.378416, 1.43599 0.415698)"
320,121,120,1,60000,37.28226,1,600,2159.999568,1342.161092,0,1,,1,4,1,0,-1,1.666667,"LINESTRING (1.43599 0.415698, 1.42791 0.378416)"
321,121,125,1,417000,259.111707,1,600,2421.290401,1504.519638,0,1,,1,4,1,0,-1,10.333333,"LINESTRING (1.43599 0.415698, 1.50621 0.666733)"
322,122,192,1,340000,211.26614,1,2800,1248.979617,776.0797138,0,1,,1,4,1,0,-1,16.333333,"LINESTRING (1.08865 0.582226, 1.0029 0.388979)"
323,123,79,1,185000,114.953635,1,900,1447.826024,899.6371044,0,1,,1,4,1,0,-1,7.666667,"LINESTRING (1.59258 0.981769, 1.70505 0.954429)"
324,123,95,1,275000,170.877025,1,900,2357.142857,1464.660214,0,1,,1,4,1,0,-1,7,"LINESTRING (1.59258 0.981769, 1.42543 1.02154)"
325,123,124,1,100000,62.1371,1,900,2571.428939,1597.811371,0,1,,1,4,1,0,-1,2.333333,"LINESTRING (1.59258 0.981769, 1.57642 0.920874)"
326,124,123,1,100000,62.1371,1,900,2571.428939,1597.811371,0,1,,1,4,1,0,-1,2.333333,"LINESTRING (1.57642 0.920874, 1.59258 0.981769)"
327,124,127,1,142000,88.234682,1,900,2323.636152,1443.84012,0,1,,1,4,1,0,-1,3.666667,"LINESTRING (1.57642 0.920874, 1.55281 0.835746)"
328,125,92,1,280000,173.98388,1,900,2400,1491.2904,0,1,,1,4,1,0,-1,7,"LINESTRING (1.50621 0.666733, 1.35149 0.748133)"
329,125,126,1,171000,106.254441,1,900,2367.69249,1471.21545,0,1,,1,4,1,0,-1,4.333333,"LINESTRING (1.50621 0.666733, 1.53417 0.769259)"
330,125,221,1,176000,109.361296,1,600,2436.923264,1514.233446,0,1,,1,4,1,0,-1,4.333333,"LINESTRING (1.50621 0.666733, 1.477 0.560478)"
331,126,12,1,0,0,1,999999,90,55.92339,0,0,,0,4,1,0,-1,0,"LINESTRING (1.53417 0.769259, 1.43848 0.812134)"
332,126,125,1,171000,106.254441,1,900,2367.69249,1471.21545,0,1,,1,4,1,0,-1,4.333333,"LINESTRING (1.53417 0.769259, 1.50621 0.666733)"
333,126,127,1,110000,68.35081,1,900,2474.999691,1537.893033,0,1,,1,4,1,0,-1,2.666667,"LINESTRING (1.53417 0.769259, 1.55281 0.835746)"
334,127,12,1,0,0,1,999999,90,55.92339,0,0,,0,4,1,0,-1,0,"LINESTRING (1.55281 0.835746, 1.43848 0.812134)"
335,127,94,1,340000,211.26614,1,900,2448.000098,1521.116269,0,1,,1,4,1,0,-1,8.333333,"LINESTRING (1.55281 0.835746, 1.35211 0.905961)"
336,127,124,1,142000,88.234682,1,900,2323.636152,1443.84012,0,1,,1,4,1,0,-1,3.666667,"LINESTRING (1.55281 0.835746, 1.57642 0.920874)"
337,127,126,1,110000,68.35081,1,900,2474.999691,1537.893033,0,1,,1,4,1,0,-1,2.666667,"LINESTRING (1.55281 0.835746, 1.53417 0.769259)"
338,127,220,1,391000,242.956061,1,900,2426.896468,1508.003085,0,1,,1,4,1,0,-1,9.666667,"LINESTRING (1.55281 0.835746, 1.78148 0.750618)"
339,128,13,1,0,0,1,999999,90,55.92339,0,0,,0,4,1,0,-1,0,"LINESTRING (1.61122 0.813377, 1.68019 0.817105)"
340,128,127,1,100000,62.1371,1,900,2571.428939,1597.811371,0,1,,1,4,1,0,-1,2.333333,"LINESTRING (1.61122 0.813377, 1.55281 0.835746)"
341,129,123,1,93000,57.787503,1,900,1860,1155.75006,0,1,,1,4,1,0,-1,3,"LINESTRING (1.53603 0.994818, 1.59258 0.981769)"
342,131,132,1,92000,57.166132,1,600,2365.714624,1469.986461,0,1,,1,4,1,0,-1,2.333333,"LINESTRING (2.13069 0.788522, 2.07911 0.81462)"
343,132,97,1,293000,182.061703,1,900,893.8982899,555.4424743,0,1,,1,4,1,0,-1,19.666667,"LINESTRING (2.07911 0.81462, 1.99088 0.654305)"
344,132,135,1,104000,64.622584,1,900,2080,1292.45168,0,1,,1,4,1,0,-1,3,"LINESTRING (2.07911 0.81462, 2.10956 0.872407)"
345,133,132,1,91000,56.544761,1,900,2340.000334,1454.008348,0,1,,1,4,1,0,-1,2.333333,"LINESTRING (2.05177 0.76491, 2.07911 0.81462)"
346,134,11,1,0,0,1,999999,90,55.92339,0,0,,0,4,1,0,-1,0,"LINESTRING (2.16921 0.98674, 2.04804 0.994818)"
347,134,132,1,311000,193.246381,1,900,2153.07684,1337.859509,0,1,,1,4,1,0,-1,8.666667,"LINESTRING (2.16921 0.98674, 2.07911 0.81462)"
348,134,143,1,113000,70.214923,1,900,2542.499682,1579.83557,0,1,,1,4,1,0,-1,2.666667,"LINESTRING (2.16921 0.98674, 2.20214 1.0495)"
349,135,134,1,207000,128.623797,1,900,2328.750146,1447.017807,0,1,,1,4,1,0,-1,5.333333,"LINESTRING (2.10956 0.872407, 2.16921 0.98674)"
350,136,19,1,0,0,1,999999,90,55.92339,0,0,,0,4,1,0,-1,0,"LINESTRING (1.64167 1.58761, 1.72493 1.42294)"
351,136,138,1,127000,78.914117,1,900,1905,1183.711755,0,1,,1,4,1,0,-1,4,"LINESTRING (1.64167 1.58761, 1.6193 1.51118)"
352,136,140,1,527000,327.462517,1,900,1529.999975,950.6976147,0,1,,1,4,1,0,-1,20.666667,"LINESTRING (1.64167 1.58761, 1.32415 1.6746)"
353,137,136,1,234000,145.400814,1,900,2340,1454.00814,0,1,,1,4,1,0,-1,6,"LINESTRING (1.50062 1.62613, 1.64167 1.58761)"
354,138,19,1,0,0,1,999999,90,55.92339,0,0,,0,4,1,0,-1,0,"LINESTRING (1.6193 1.51118, 1.72493 1.42294)"
355,138,139,1,80000,49.70968,1,900,2057.143151,1278.249097,0,1,,1,4,1,0,-1,2.333333,"LINESTRING (1.6193 1.51118, 1.60625 1.46333)"
356,139,19,1,0,0,1,999999,90,55.92339,0,0,,0,4,1,0,-1,0,"LINESTRING (1.60625 1.46333, 1.72493 1.42294)"
357,139,141,1,109000,67.729439,1,900,784.8000314,487.6519803,0,1,,1,4,1,0,-1,8.333333,"LINESTRING (1.60625 1.46333, 1.58761 1.39747)"
358,140,9,1,0,0,1,999999,90,55.92339,0,0,,0,4,1,0,-1,0,"LINESTRING (1.32415 1.6746, 1.37634 1.56648)"
359,140,219,1,15000,9.320565,1,900,2700.0027,1677.703378,0,1,,1,4,1,0,-1,0.333333,"LINESTRING (1.32415 1.6746, 1.31482 1.67646)"
360,141,27,1,212000,131.730652,1,900,476.999994,296.3939633,0,1,,1,4,1,0,-1,26.666667,"LINESTRING (1.58761 1.39747, 1.55343 1.26946)"
361,141,136,1,316000,196.353236,1,900,1458.461538,906.2457046,0,1,,1,4,1,0,-1,13,"LINESTRING (1.58761 1.39747, 1.64167 1.58761)"
362,142,11,1,0,0,1,999999,90,55.92339,0,0,,0,4,1,0,-1,0,"LINESTRING (1.9393 1.0234, 2.04804 0.994818)"
363,142,101,1,73000,45.360083,1,900,2190,1360.80249,0,1,,1,4,1,0,-1,2,"LINESTRING (1.9393 1.0234, 1.91631 0.983633)"
364,143,134,1,113000,70.214923,1,900,2260,1404.29846,0,1,,1,4,1,0,-1,3,"LINESTRING (2.20214 1.0495, 2.16921 0.98674)"
365,143,145,1,180000,111.84678,1,900,1619.999919,1006.62097,0,1,,1,4,1,0,-1,6.666667,"LINESTRING (2.20214 1.0495, 2.09092 1.06503)"
366,144,11,1,0,0,1,999999,90,55.92339,0,0,,0,4,1,0,-1,0,"LINESTRING (1.97162 1.08181, 2.04804 0.994818)"
367,144,57,1,178000,110.604038,1,600,2464.615574,1531.440644,0,1,,1,4,1,0,-1,4.333333,"LINESTRING (1.97162 1.08181, 1.99461 1.19055)"
368,144,142,1,108000,67.108068,1,900,1944.000194,1207.945345,0,1,,1,4,1,0,-1,3.333333,"LINESTRING (1.97162 1.08181, 1.9393 1.0234)"
369,144,146,1,78000,48.466938,1,900,1560,969.33876,0,1,,1,4,1,0,-1,3,"LINESTRING (1.97162 1.08181, 2.02008 1.07497)"
370,145,11,1,0,0,1,999999,90,55.92339,0,0,,0,4,1,0,-1,0,"LINESTRING (2.09092 1.06503, 2.04804 0.994818)"
371,145,55,1,178000,110.604038,1,900,2464.615574,1531.440644,0,1,,1,4,1,0,-1,4.333333,"LINESTRING (2.09092 1.06503, 2.10832 1.17502)"
372,145,143,1,180000,111.84678,1,900,2314.285549,1438.029926,0,1,,1,4,1,0,-1,4.666667,"LINESTRING (2.09092 1.06503, 2.20214 1.0495)"
373,145,146,1,115000,71.457665,1,900,1725,1071.864975,0,1,,1,4,1,0,-1,4,"LINESTRING (2.09092 1.06503, 2.02008 1.07497)"
374,146,144,1,78000,48.466938,1,900,1754.999781,1090.505969,0,1,,1,4,1,0,-1,2.666667,"LINESTRING (2.02008 1.07497, 1.97162 1.08181)"
375,146,145,1,115000,71.457665,1,900,2300,1429.1533,0,1,,1,4,1,0,-1,3,"LINESTRING (2.02008 1.07497, 2.09092 1.06503)"
376,147,148,1,27000,16.777017,1,2800,2429.998785,1509.930775,0,1,,1,4,1,0,-1,0.666667,"LINESTRING (0.147887 1.49875, 0.139809 1.48384)"
377,148,147,1,27000,16.777017,1,2800,2429.998785,1509.930775,0,1,,1,4,1,0,-1,0.666667,"LINESTRING (0.139809 1.48384, 0.147887 1.49875)"
378,148,149,1,47000,29.204437,1,2800,1691.999662,1051.359522,0,1,,1,4,1,0,-1,1.666667,"LINESTRING (0.139809 1.48384, 0.166528 1.47203)"
379,149,151,1,45000,27.961695,1,2800,1619.999676,1006.620819,0,1,,1,4,1,0,-1,1.666667,"LINESTRING (0.166528 1.47203, 0.180819 1.44842)"
380,150,153,1,280000,173.98388,1,900,1120,695.93552,0,1,,1,4,1,0,-1,15,"LINESTRING (0.138566 1.28065, 0.206917 1.44034)"
381,151,15,1,0,0,1,999999,90,55.92339,0,0,,0,4,1,0,-1,0,"LINESTRING (0.180819 1.44842, 0.326221 1.36951)"
382,151,152,1,60000,37.28226,1,900,2700.000675,1677.702119,0,1,,1,4,1,0,-1,1.333333,"LINESTRING (0.180819 1.44842, 0.169013 1.413)"
383,151,153,1,43000,26.718953,1,2800,2580,1603.13718,0,1,,1,4,1,0,-1,1,"LINESTRING (0.180819 1.44842, 0.206917 1.44034)"
384,152,170,1,515000,320.006065,1,900,1383.58211,859.7177994,0,1,,1,4,1,0,-1,22.333333,"LINESTRING (0.169013 1.413, 0.0298259 1.12344)"
385,153,157,1,44000,27.340324,1,2800,2640,1640.41944,0,1,,1,4,1,0,-1,1,"LINESTRING (0.206917 1.44034, 0.233015 1.44966)"
386,154,155,1,50000,31.06855,1,2800,2250.000563,1398.0851,0,1,,1,4,1,0,-1,1.333333,"LINESTRING (0.236743 1.4683, 0.216859 1.49316)"
387,155,156,1,35000,21.747985,1,2800,2100,1304.8791,0,1,,1,4,1,0,-1,1,"LINESTRING (0.216859 1.49316, 0.195732 1.49875)"
388,156,158,1,39000,24.233469,1,2800,2340,1454.00814,0,1,,1,4,1,0,-1,1,"LINESTRING (0.195732 1.49875, 0.173363 1.48881)"
389,157,15,1,0,0,1,999999,90,55.92339,0,0,,0,4,1,0,-1,0,"LINESTRING (0.233015 1.44966, 0.326221 1.36951)"
390,157,154,1,31000,19.262501,1,2800,1860,1155.75006,0,1,,1,4,1,0,-1,1,"LINESTRING (0.233015 1.44966, 0.236743 1.4683)"
391,157,184,1,257000,159.692347,1,2800,2102.727368,1306.573808,0,1,,1,4,1,0,-1,7.333333,"LINESTRING (0.233015 1.44966, 0.391465 1.42605)"
392,158,147,1,44000,27.340324,1,2800,3959.99802,2460.62793,0,1,,1,4,1,0,-1,0.666667,"LINESTRING (0.173363 1.48881, 0.147887 1.49875)"
393,158,149,1,28000,17.398388,1,2800,2519.99874,1565.854137,0,1,,1,4,1,0,-1,0.666667,"LINESTRING (0.173363 1.48881, 0.166528 1.47203)"
394,159,1,1,0,0,1,999999,90,55.92339,0,0,,0,4,1,0,-1,0,"LINESTRING (0.907826 1.81441, 0.974312 1.85107)"
395,159,17,1,0,0,1,999999,90,55.92339,0,0,,0,4,1,0,-1,0,"LINESTRING (0.907826 1.81441, 0.82394 1.65658)"
396,159,160,1,238000,147.886298,1,900,2380,1478.86298,0,1,,1,4,1,0,-1,6,"LINESTRING (0.907826 1.81441, 0.970584 1.68019)"
397,159,161,1,188000,116.817748,1,600,1353.600054,841.0878192,0,1,,1,4,1,0,-1,8.333333,"LINESTRING (0.907826 1.81441, 1.01532 1.86163)"
398,159,174,1,113000,70.214923,1,900,2034.000203,1263.86874,0,1,,1,4,1,0,-1,3.333333,"LINESTRING (0.907826 1.81441, 0.878 1.87841)"
399,160,17,1,0,0,1,999999,90,55.92339,0,0,,0,4,1,0,-1,0,"LINESTRING (0.970584 1.68019, 0.82394 1.65658)"
400,160,159,1,238000,147.886298,1,900,856.7999829,532.3906622,0,1,,1,4,1,0,-1,16.666667,"LINESTRING (0.970584 1.68019, 0.907826 1.81441)"
401,160,163,1,101000,62.758471,1,600,1818.000182,1129.652591,0,1,,1,4,1,0,-1,3.333333,"LINESTRING (0.970584 1.68019, 1.02837 1.70443)"
402,161,1,1,0,0,1,999999,90,55.92339,0,0,,0,4,1,0,-1,0,"LINESTRING (1.01532 1.86163, 0.974312 1.85107)"
403,161,32,1,80000,49.70968,1,600,480,298.25808,0,1,,1,4,1,0,-1,10,"LINESTRING (1.01532 1.86163, 1.0613 1.88214)"
404,162,160,1,178000,110.604038,1,600,1186.666667,737.3602533,0,1,,1,4,1,0,-1,9,"LINESTRING (1.07249 1.72431, 0.970584 1.68019)"
405,163,38,1,162000,100.662102,1,600,729.0000182,452.9794703,0,1,,1,4,1,0,-1,13.333333,"LINESTRING (1.02837 1.70443, 1.12158 1.74481)"
406,164,14,1,0,0,1,999999,90,55.92339,0,0,,0,4,1,0,-1,0,"LINESTRING (0.152236 1.00725, 0.248549 1.05198)"
407,164,168,1,208000,129.245168,1,2400,2340.000146,1454.008231,0,1,,1,4,1,0,-1,5.333333,"LINESTRING (0.152236 1.00725, 0.0602732 1.09859)"
408,165,14,1,0,0,1,999999,90,55.92339,0,0,,0,4,1,0,-1,0,"LINESTRING (0.146023 0.993575, 0.248549 1.05198)"
409,165,166,1,268000,166.527428,1,2400,1722.857204,1070.533504,0,1,,1,4,1,0,-1,9.333333,"LINESTRING (0.146023 0.993575, 0.282103 0.896641)"
410,166,167,1,31000,19.262501,1,900,1395.000349,866.8127617,0,1,,1,4,1,0,-1,1.333333,"LINESTRING (0.282103 0.896641, 0.28956 0.915282)"
411,166,198,1,363000,225.557673,1,2400,1452,902.230692,0,1,,1,4,1,0,-1,15,"LINESTRING (0.282103 0.896641, 0.47535 0.779201)"
412,167,164,1,265000,164.663315,1,2400,2271.428571,1411.399843,0,1,,1,4,1,0,-1,7,"LINESTRING (0.28956 0.915282, 0.152236 1.00725)"
413,167,166,1,31000,19.262501,1,900,1860,1155.75006,0,1,,1,4,1,0,-1,1,"LINESTRING (0.28956 0.915282, 0.282103 0.896641)"
414,167,186,1,452000,280.859692,1,900,1660.408197,1031.729502,0,1,,1,4,1,0,-1,16.333333,"LINESTRING (0.28956 0.915282, 0.345483 1.19179)"
415,168,169,1,55000,34.175405,1,900,1237.499845,768.9465164,0,1,,1,4,1,0,-1,2.666667,"LINESTRING (0.0602732 1.09859, 0.0484671 1.1309)"
416,168,172,1,50000,31.06855,1,2400,1799.99964,1118.467576,0,1,,1,4,1,0,-1,1.666667,"LINESTRING (0.0602732 1.09859, 0.036661 1.11971)"
417,169,150,1,281000,174.605251,1,900,2528.999874,1571.44718,0,1,,1,4,1,0,-1,6.666667,"LINESTRING (0.0484671 1.1309, 0.138566 1.28065)"
418,170,171,1,24000,14.912904,1,900,2159.99892,1342.160689,0,1,,1,4,1,0,-1,0.666667,"LINESTRING (0.0298259 1.12344, 0.0248549 1.10915)"
419,171,165,1,269000,167.148799,1,2400,2420.999879,1504.339116,0,1,,1,4,1,0,-1,6.666667,"LINESTRING (0.0248549 1.10915, 0.146023 0.993575)"
420,171,172,1,25000,15.534275,1,900,2249.998875,1398.084051,0,1,,1,4,1,0,-1,0.666667,"LINESTRING (0.0248549 1.10915, 0.036661 1.11971)"
421,171,224,1,85000,52.816535,1,900,1912.499761,1188.371889,0,1,,1,4,1,0,-1,2.666667,"LINESTRING (0.0248549 1.10915, 0.0 1.06193)"
422,172,169,1,26000,16.155646,1,900,780,484.66938,0,1,,1,4,1,0,-1,2,"LINESTRING (0.036661 1.11971, 0.0484671 1.1309)"
423,172,170,1,13000,8.077823,1,2400,2340.00234,1454.009594,0,1,,1,4,1,0,-1,0.333333,"LINESTRING (0.036661 1.11971, 0.0298259 1.12344)"
424,173,14,1,0,0,1,999999,90,55.92339,0,0,,0,4,1,0,-1,0,"LINESTRING (0.304473 0.980526, 0.248549 1.05198)"
425,173,167,1,107000,66.486697,1,900,642,398.920182,0,1,,1,4,1,0,-1,10,"LINESTRING (0.304473 0.980526, 0.28956 0.915282)"
426,174,159,1,113000,70.214923,1,900,924.5454966,574.4857597,0,1,,1,4,1,0,-1,7.333333,"LINESTRING (0.878 1.87841, 0.907826 1.81441)"
427,174,176,1,106000,65.865326,1,900,2384.999702,1481.96965,0,1,,1,4,1,0,-1,2.666667,"LINESTRING (0.878 1.87841, 0.851902 1.9393)"
428,175,41,1,190000,118.06049,1,2400,2850,1770.90735,0,1,,1,4,1,0,-1,4,"LINESTRING (0.894777 1.96167, 1.00103 2.01698)"
429,176,174,1,106000,65.865326,1,900,2384.999702,1481.96965,0,1,,1,4,1,0,-1,2.666667,"LINESTRING (0.851902 1.9393, 0.878 1.87841)"
430,176,175,1,77000,47.845567,1,2400,2310,1435.36701,0,1,,1,4,1,0,-1,2,"LINESTRING (0.851902 1.9393, 0.894777 1.96167)"
431,176,177,1,18000,11.184678,1,900,3240.00324,2013.244053,0,1,,1,4,1,0,-1,0.333333,"LINESTRING (0.851902 1.9393, 0.84631 1.94987)"
432,177,176,1,18000,11.184678,1,900,3240.00324,2013.244053,0,1,,1,4,1,0,-1,0.333333,"LINESTRING (0.84631 1.94987, 0.851902 1.9393)"
433,177,178,1,101000,62.758471,1,2400,1818.000182,1129.652591,0,1,,1,4,1,0,-1,3.333333,"LINESTRING (0.84631 1.94987, 0.789765 1.92066)"
434,178,182,1,120000,74.56452,1,2400,2699.999663,1677.70149,0,1,,1,4,1,0,-1,2.666667,"LINESTRING (0.789765 1.92066, 0.723899 1.88649)"
435,179,7,1,0,0,1,999999,90,55.92339,0,0,,0,4,1,0,-1,0,"LINESTRING (0.600246 0.953186, 0.608324 1.06193)"
436,179,22,1,0,0,1,999999,90,55.92339,0,0,,0,4,1,0,-1,0,"LINESTRING (0.600246 0.953186, 0.839475 0.85998)"
437,179,202,1,14000,8.699194,1,900,2520.00252,1565.856486,0,1,,1,4,1,0,-1,0.333333,"LINESTRING (0.600246 0.953186, 0.603974 0.961264)"
438,179,214,1,180000,111.84678,1,900,2314.285549,1438.029926,0,1,,1,4,1,0,-1,4.666667,"LINESTRING (0.600246 0.953186, 0.540594 0.857494)"
439,180,177,1,131000,81.399601,1,2400,1122.857143,697.7108657,0,1,,1,4,1,0,-1,7,"LINESTRING (0.91901 1.98653, 0.84631 1.94987)"
440,181,176,1,220000,136.70162,1,2400,1650,1025.26215,0,1,,1,4,1,0,-1,8,"LINESTRING (0.729492 1.87592, 0.851902 1.9393)"
441,181,182,1,19000,11.806049,1,2400,1140,708.36294,0,1,,1,4,1,0,-1,1,"LINESTRING (0.729492 1.87592, 0.723899 1.88649)"
442,182,181,1,19000,11.806049,1,2400,3420.00342,2125.090945,0,1,,1,4,1,0,-1,0.333333,"LINESTRING (0.723899 1.88649, 0.729492 1.87592)"
443,182,212,1,102000,63.379842,1,2400,1669.090757,1037.124593,0,1,,1,4,1,0,-1,3.666667,"LINESTRING (0.723899 1.88649, 0.667976 1.85542)"
444,183,15,1,0,0,1,999999,90,55.92339,0,0,,0,4,1,0,-1,0,"LINESTRING (0.393329 1.44096, 0.326221 1.36951)"
445,183,154,1,255000,158.449605,1,2800,1390.909091,864.2705727,0,1,,1,4,1,0,-1,11,"LINESTRING (0.393329 1.44096, 0.236743 1.4683)"
446,183,184,1,23000,14.291533,1,900,2069.998965,1286.237327,0,1,,1,4,1,0,-1,0.666667,"LINESTRING (0.393329 1.44096, 0.391465 1.42605)"
447,184,15,1,0,0,1,999999,90,55.92339,0,0,,0,4,1,0,-1,0,"LINESTRING (0.391465 1.42605, 0.326221 1.36951)"
448,184,66,1,539000,334.918969,1,2800,1980.00004,1230.314605,0,1,,1,4,1,0,-1,16.333333,"LINESTRING (0.391465 1.42605, 0.722656 1.37386)"
449,184,183,1,23000,14.291533,1,900,2069.998965,1286.237327,0,1,,1,4,1,0,-1,0.666667,"LINESTRING (0.391465 1.42605, 0.393329 1.44096)"
450,184,204,1,307000,190.760897,1,900,1674.545455,1040.513984,0,1,,1,4,1,0,-1,11,"LINESTRING (0.391465 1.42605, 0.354804 1.2384)"
451,185,183,1,257000,159.692347,1,2800,2102.727368,1306.573808,0,1,,1,4,1,0,-1,7.333333,"LINESTRING (0.551779 1.41673, 0.393329 1.44096)"
452,186,189,1,150000,93.20565,1,900,1800,1118.4678,0,1,,1,4,1,0,-1,5,"LINESTRING (0.345483 1.19179, 0.328706 1.09983)"
453,186,204,1,76000,47.224196,1,900,977.1427873,607.1681909,0,1,,1,4,1,0,-1,4.666667,"LINESTRING (0.345483 1.19179, 0.354804 1.2384)"
454,187,190,1,315000,195.731865,1,900,1575,978.659325,0,1,,1,4,1,0,-1,12,"LINESTRING (1.11971 1.09672, 0.935166 1.07746)"
455,188,45,1,337000,209.402027,1,900,2426.400097,1507.694655,0,1,,1,4,1,0,-1,8.333333,"LINESTRING (1.02154 1.11909, 1.22659 1.07063)"
456,189,14,1,0,0,1,999999,90,55.92339,0,0,,0,4,1,0,-1,0,"LINESTRING (0.328706 1.09983, 0.248549 1.05198)"
457,189,173,1,195000,121.167345,1,900,1847.368518,1147.901224,0,1,,1,4,1,0,-1,6.333333,"LINESTRING (0.328706 1.09983, 0.304473 0.980526)"
458,190,20,1,0,0,1,999999,90,55.92339,0,0,,0,4,1,0,-1,0,"LINESTRING (0.935166 1.07746, 1.02278 0.927088)"
459,190,21,1,0,0,1,999999,90,55.92339,0,0,,0,4,1,0,-1,0,"LINESTRING (0.935166 1.07746, 0.84631 1.23405)"
460,190,22,1,0,0,1,999999,90,55.92339,0,0,,0,4,1,0,-1,0,"LINESTRING (0.935166 1.07746, 0.839475 0.85998)"
461,190,188,1,154000,95.691134,1,900,1540,956.91134,0,1,,1,4,1,0,-1,6,"LINESTRING (0.935166 1.07746, 1.02154 1.11909)"
462,190,206,1,174000,108.118554,1,900,1648.421139,1024.281092,0,1,,1,4,1,0,-1,6.333333,"LINESTRING (0.935166 1.07746, 0.839475 1.02651)"
463,191,192,1,185000,114.953635,1,2800,774.4186227,481.201274,0,1,,1,4,1,0,-1,14.333333,"LINESTRING (1.10977 0.343619, 1.0029 0.388979)"
464,192,58,1,562000,349.210502,1,2800,613.0909091,380.9569113,0,1,,1,4,1,0,-1,55,"LINESTRING (1.0029 0.388979, 1.13835 0.712093)"
465,192,196,1,82000,50.952422,1,2800,2951.99941,1834.286825,0,1,,1,4,1,0,-1,1.666667,"LINESTRING (1.0029 0.388979, 1.0495 0.367853)"
466,192,197,1,277000,172.119767,1,2400,2624.210664,1630.608405,0,1,,1,4,1,0,-1,6.333333,"LINESTRING (1.0029 0.388979, 0.854388 0.475972)"
467,193,6,1,0,0,1,999999,90,55.92339,0,0,,0,4,1,0,-1,0,"LINESTRING (0.638771 0.621994, 0.661762 0.649956)"
468,193,194,1,366000,227.421786,1,2400,1830,1137.10893,0,1,,1,4,1,0,-1,12,"LINESTRING (0.638771 0.621994, 0.484671 0.789765)"
469,194,6,1,0,0,1,999999,90,55.92339,0,0,,0,4,1,0,-1,0,"LINESTRING (0.484671 0.789765, 0.661762 0.649956)"
470,194,167,1,373000,231.771383,1,2400,1266.792429,787.1480784,0,1,,1,4,1,0,-1,17.666667,"LINESTRING (0.484671 0.789765, 0.28956 0.915282)"
471,194,179,1,321000,199.460091,1,900,1805.624944,1121.962977,0,1,,1,4,1,0,-1,10.666667,"LINESTRING (0.484671 0.789765, 0.600246 0.953186)"
472,194,198,1,22000,13.670162,1,900,1979.99901,1230.313965,0,1,,1,4,1,0,-1,0.666667,"LINESTRING (0.484671 0.789765, 0.47535 0.779201)"
473,195,6,1,0,0,1,999999,90,55.92339,0,0,,0,4,1,0,-1,0,"LINESTRING (0.643742 0.605838, 0.661762 0.649956)"
474,195,199,1,399000,247.927029,1,2400,2992.5,1859.452718,0,1,,1,4,1,0,-1,8,"LINESTRING (0.643742 0.605838, 0.851281 0.469136)"
475,196,87,1,398000,247.305658,1,2800,2653.333333,1648.704387,0,1,,1,4,1,0,-1,9,"LINESTRING (1.0495 0.367853, 1.27879 0.272783)"
476,197,193,1,418000,259.733078,1,2400,2893.846043,1798.152009,0,1,,1,4,1,0,-1,8.666667,"LINESTRING (0.854388 0.475972, 0.638771 0.621994)"
477,198,6,1,0,0,1,999999,90,55.92339,0,0,,0,4,1,0,-1,0,"LINESTRING (0.47535 0.779201, 0.661762 0.649956)"
478,198,194,1,22000,13.670162,1,900,3960.00396,2460.631621,0,1,,1,4,1,0,-1,0.333333,"LINESTRING (0.47535 0.779201, 0.484671 0.789765)"
479,198,195,1,388000,241.091948,1,2400,2793.600112,1735.862095,0,1,,1,4,1,0,-1,8.333333,"LINESTRING (0.47535 0.779201, 0.643742 0.605838)"
480,199,192,1,276000,171.498396,1,2400,1419.428531,881.9917257,0,1,,1,4,1,0,-1,11.666667,"LINESTRING (0.851281 0.469136, 1.0029 0.388979)"
481,199,197,1,12000,7.456452,1,2400,2160.00216,1342.162702,0,1,,1,4,1,0,-1,0.333333,"LINESTRING (0.851281 0.469136, 0.854388 0.475972)"
482,200,7,1,0,0,1,999999,90,55.92339,0,0,,0,4,1,0,-1,0,"LINESTRING (0.655548 1.06938, 0.608324 1.06193)"
483,200,22,1,0,0,1,999999,90,55.92339,0,0,,0,4,1,0,-1,0,"LINESTRING (0.655548 1.06938, 0.839475 0.85998)"
484,200,179,1,206000,128.002426,1,900,2060,1280.02426,0,1,,1,4,1,0,-1,6,"LINESTRING (0.655548 1.06938, 0.600246 0.953186)"
485,201,7,1,0,0,1,999999,90,55.92339,0,0,,0,4,1,0,-1,0,"LINESTRING (0.689724 1.15948, 0.608324 1.06193)"
486,201,21,1,0,0,1,999999,90,55.92339,0,0,,0,4,1,0,-1,0,"LINESTRING (0.689724 1.15948, 0.84631 1.23405)"
487,201,200,1,156000,96.933876,1,900,2160.000166,1342.161463,0,1,,1,4,1,0,-1,4.333333,"LINESTRING (0.689724 1.15948, 0.655548 1.06938)"
488,201,205,1,291000,180.818961,1,900,2380.909199,1479.42793,0,1,,1,4,1,0,-1,7.333333,"LINESTRING (0.689724 1.15948, 0.536866 1.25952)"
489,201,208,1,263000,163.420573,1,900,1183.50003,735.3925969,0,1,,1,4,1,0,-1,13.333333,"LINESTRING (0.689724 1.15948, 0.714579 1.32166)"
490,201,210,1,93000,57.787503,1,900,1395,866.812545,0,1,,1,4,1,0,-1,4,"LINESTRING (0.689724 1.15948, 0.73322 1.12158)"
491,202,7,1,0,0,1,999999,90,55.92339,0,0,,0,4,1,0,-1,0,"LINESTRING (0.603974 0.961264, 0.608324 1.06193)"
492,202,201,1,348000,216.237108,1,900,1098.947368,682.8540253,0,1,,1,4,1,0,-1,19,"LINESTRING (0.603974 0.961264, 0.689724 1.15948)"
493,203,207,1,7000,4.349597,1,900,1260.00126,782.9282429,0,1,,1,4,1,0,-1,0.333333,"LINESTRING (0.504555 1.21416, 0.50704 1.21727)"
494,204,184,1,307000,190.760897,1,900,1042.64149,647.8671851,0,1,,1,4,1,0,-1,17.666667,"LINESTRING (0.354804 1.2384, 0.391465 1.42605)"
495,204,186,1,76000,47.224196,1,900,1954.285993,1214.336642,0,1,,1,4,1,0,-1,2.333333,"LINESTRING (0.354804 1.2384, 0.345483 1.19179)"
496,204,203,1,243000,150.993153,1,900,1682.307628,1045.337173,0,1,,1,4,1,0,-1,8.666667,"LINESTRING (0.354804 1.2384, 0.504555 1.21416)"
497,205,204,1,332000,206.295172,1,900,2390.400096,1485.325298,0,1,,1,4,1,0,-1,8.333333,"LINESTRING (0.536866 1.25952, 0.354804 1.2384)"
498,206,22,1,0,0,1,999999,90,55.92339,0,0,,0,4,1,0,-1,0,"LINESTRING (0.839475 1.02651, 0.839475 0.85998)"
499,206,210,1,228000,141.672588,1,900,2414.117505,1500.062608,0,1,,1,4,1,0,-1,5.666667,"LINESTRING (0.839475 1.02651, 0.73322 1.12158)"
500,207,201,1,373000,231.771383,1,900,1137.966082,707.0991226,0,1,,1,4,1,0,-1,19.666667,"LINESTRING (0.50704 1.21727, 0.689724 1.15948)"
501,208,21,1,0,0,1,999999,90,55.92339,0,0,,0,4,1,0,-1,0,"LINESTRING (0.714579 1.32166, 0.84631 1.23405)"
502,208,66,1,85000,52.816535,1,900,242.8571429,150.9043857,0,1,,1,4,1,0,-1,21,"LINESTRING (0.714579 1.32166, 0.722656 1.37386)"
503,208,201,1,263000,163.420573,1,900,1127.142857,700.3738843,0,1,,1,4,1,0,-1,14,"LINESTRING (0.714579 1.32166, 0.689724 1.15948)"
504,209,190,1,496000,308.200016,1,600,2412.973038,1499.35147,0,1,,1,4,1,0,-1,12.333333,"LINESTRING (0.756832 1.14519, 0.935166 1.07746)"
505,210,190,1,402000,249.791142,1,900,2412,1498.746852,0,1,,1,4,1,0,-1,10,"LINESTRING (0.73322 1.12158, 0.935166 1.07746)"
506,210,201,1,93000,57.787503,1,900,2391.428913,1485.964575,0,1,,1,4,1,0,-1,2.333333,"LINESTRING (0.73322 1.12158, 0.689724 1.15948)"
507,210,211,1,38000,23.612098,1,600,1367.999726,850.035358,0,1,,1,4,1,0,-1,1.666667,"LINESTRING (0.73322 1.12158, 0.749997 1.13835)"
508,211,209,1,14000,8.699194,1,600,2520.00252,1565.856486,0,1,,1,4,1,0,-1,0.333333,"LINESTRING (0.749997 1.13835, 0.756832 1.14519)"
509,214,194,1,141000,87.613311,1,900,746.4706102,463.8351895,0,1,,1,4,1,0,-1,11.333333,"LINESTRING (0.540594 0.857494, 0.484671 0.789765)"
510,215,216,1,244000,151.614524,1,900,1220,758.07262,0,1,,1,4,1,0,-1,12,"LINESTRING (1.26139 1.80633, 1.20111 1.94614)"
511,215,217,1,113000,70.214923,1,900,1849.090741,1148.971363,0,1,,1,4,1,0,-1,3.666667,"LINESTRING (1.26139 1.80633, 1.28935 1.74171)"
512,216,2,1,0,0,1,999999,90,55.92339,0,0,,0,4,1,0,-1,0,"LINESTRING (1.20111 1.94614, 1.15575 1.93495)"
513,216,83,1,348000,216.237108,1,600,1204.615408,748.5130805,0,1,,1,4,1,0,-1,17.333333,"LINESTRING (1.20111 1.94614, 1.19925 2.11142)"
514,216,84,1,247000,153.478637,1,900,1201.621654,746.6528488,0,1,,1,4,1,0,-1,12.333333,"LINESTRING (1.20111 1.94614, 1.1396 2.08719)"
515,216,218,1,121000,75.185891,1,900,1979.99982,1230.314468,0,1,,1,4,1,0,-1,3.666667,"LINESTRING (1.20111 1.94614, 1.23094 1.87717)"
516,217,137,1,420000,260.97582,1,900,1400,869.9194,0,1,,1,4,1,0,-1,18,"LINESTRING (1.28935 1.74171, 1.50062 1.62613)"
517,218,215,1,123000,76.428633,1,900,1476,917.143596,0,1,,1,4,1,0,-1,5,"LINESTRING (1.23094 1.87717, 1.26139 1.80633)"
518,219,215,1,225000,139.808475,1,900,1396.551676,867.7767115,0,1,,1,4,1,0,-1,9.666667,"LINESTRING (1.31482 1.67646, 1.26139 1.80633)"
519,220,13,1,0,0,1,999999,90,55.92339,0,0,,0,4,1,0,-1,0,"LINESTRING (1.78148 0.750618, 1.68019 0.817105)"
520,220,68,1,112000,69.593552,1,900,2519.999685,1565.854724,0,1,,1,4,1,0,-1,2.666667,"LINESTRING (1.78148 0.750618, 1.81689 0.810891)"
521,220,128,1,291000,180.818961,1,900,2380.909199,1479.42793,0,1,,1,4,1,0,-1,7.333333,"LINESTRING (1.78148 0.750618, 1.61122 0.813377)"
522,221,121,1,241000,149.750411,1,600,2410,1497.50411,0,1,,1,4,1,0,-1,6,"LINESTRING (1.477 0.560478, 1.43599 0.415698)"
523,223,23,1,0,0,1,999999,90,55.92339,0,0,,0,4,1,0,-1,0,"LINESTRING (2.0176 1.64602, 2.02816 1.41673)"
