iteration_no,link_id,from_node_id,to_node_id,volume,ref_volume,base_demand_volume,obs_volume,background_volume,link_capacity,lane_capacity,D,doc,vdf_fftt,travel_time,vdf_alpha,vdf_beta,vdf_plf,speed_mph,speed_kmph,VMT,VHT,PMT,PHT,VHT_QVDF,PHT_QVDF,geometry,mod_vol_sov,obs_vol_sov,P,t0,t2,t3,vt2_mph,vt2_kmph,mu,Q_gamma,free_speed_mph,cutoff_speed_mph,free_speed_kmph,cutoff_speed_kmph,congestion_ref_speed_mph,avg_queue_speed_mph,avg_QVDF_period_speed_mph,congestion_ref_speed_kmph,avg_queue_speed_kmph,avg_QVDF_period_speed_kmph,avg_QVDF_period_travel_time,Severe_Congestion_P,spd_mph_07:00,spd_mph_07:05,spd_mph_07:10,spd_mph_07:15,spd_mph_07:20,spd_mph_07:25,spd_mph_07:30,spd_mph_07:35,spd_mph_07:40,spd_mph_07:45,spd_mph_07:50,spd_mph_07:55,
40,1,1,2,4549.6467,5083.2140,0.0000,5083.2140,0.0000,25900.2012,25900.2012,4549.6467,0.1757,6.0000,6.0009,0.1500,4.0000,1.0000,59.9914,96.5262,27297.880193,455.029648,27297.880193,455.029648,467.032150,467.032150,"LINESTRING (-96.770451 43.612565, -96.711282 43.605550)",4549.646699,5083.214000,0.175661,7.412170,7.500000,7.587830,44.987953,72.385616,25900.201172,50097091.611957,60.000000,45.000000,96.540000,72.405000,57.365090,57.356898,58.449681,92.300430,92.287249,94.045537,6.159144,0.000000,60.000,59.467,58.935,58.402,57.869,57.208,44.988,57.208,57.869,58.402,58.935,59.467,
40,2,1,3,8188.4390,8782.6140,0.0000,8782.6140,0.0000,23403.4727,23403.4727,8188.4390,0.3499,4.0000,4.0090,0.1500,4.0000,1.0000,59.8654,96.3235,32753.756051,547.123047,32753.756051,547.123047,580.588032,580.588032,"LINESTRING (-96.770683 43.612854, -96.774567 43.572987)",8188.439013,8782.614000,0.349881,7.325059,7.500000,7.674941,44.811131,72.101109,23403.472656,1619823.164326,60.000000,45.000000,96.540000,72.405000,54.751779,54.628980,56.414797,88.095613,87.898028,90.771409,4.254203,0.000000,60.000,58.655,57.309,55.964,54.648,48.342,44.811,48.342,54.648,55.964,57.309,58.655,
40,3,2,1,4614.2479,5182.6130,0.0000,5182.6130,0.0000,25900.2012,25900.2012,4614.2479,0.1782,6.0000,6.0009,0.1500,4.0000,1.0000,59.9909,96.5254,27685.487394,461.494514,27685.487394,461.494514,473.869784,473.869784,"LINESTRING (-96.711219 43.606076, -96.770389 43.613091)",4614.247899,5182.613000,0.178155,7.410923,7.500000,7.589077,44.987254,72.384492,25900.201172,47241036.645705,60.000000,45.000000,96.540000,72.405000,57.327676,57.319015,58.424251,92.240231,92.226295,94.004620,6.161825,0.000000,60.000,59.458,58.916,58.374,57.832,57.084,44.987,57.084,57.832,58.374,58.916,59.458,
40,4,2,6,5958.9339,5483.2140,0.0000,5483.2140,0.0000,4958.1812,4958.1812,5958.9339,1.2018,5.0000,6.5648,0.1500,4.0000,1.0000,45.6986,73.5290,29794.669345,651.982212,29794.669345,651.982212,869.309616,869.309616,"LINESTRING (-96.711515 43.605819, -96.711909 43.587591)",5958.933869,5483.214000,1.201839,6.899081,7.500000,8.100919,28.359272,45.630069,4958.181152,9916.362305,60.000000,45.000000,96.540000,72.405000,45.000000,34.273944,34.273944,72.405000,55.146776,55.146776,8.753005,0.250000,42.632,38.854,35.122,32.114,30.000,28.764,28.359,28.764,30.000,32.114,35.122,38.854,
40,5,3,1,8123.8378,8683.2150,0.0000,8683.2150,0.0000,23403.4727,23403.4727,8123.8378,0.3471,4.0000,4.0087,0.1500,4.0000,1.0000,59.8696,96.3302,32495.351250,542.768652,32495.351250,542.768652,575.632441,575.632441,"LINESTRING (-96.774040 43.572936, -96.770156 43.612802)",8123.837812,8683.215000,0.347121,7.326439,7.500000,7.673561,44.816997,72.110548,23403.472656,1676454.723573,60.000000,45.000000,96.540000,72.405000,54.793184,54.674116,56.451563,88.162234,87.970652,90.830565,4.251432,0.000000,60.000,58.671,57.342,56.012,54.719,48.413,44.817,48.413,54.719,56.012,57.342,58.671,
40,6,3,4,14430.8990,14796.5770,0.0000,14796.5770,0.0000,17110.5234,17110.5234,14430.8990,0.8434,4.0000,4.3036,0.1500,4.0000,1.0000,55.7675,89.7300,57723.596015,1035.075213,57723.596015,1035.075213,1268.016984,1268.016984,"LINESTRING (-96.774389 43.572711, -96.747254 43.563403)",14430.899004,14796.577000,0.843393,7.078303,7.500000,7.921697,39.394114,63.385130,17110.523438,36921.498873,60.000000,45.000000,96.540000,72.405000,47.349102,44.009047,45.522731,76.184705,70.810557,73.246074,5.272091,0.000000,60.000,47.344,46.040,43.642,41.397,39.908,39.394,39.908,41.397,43.642,46.040,47.344,
40,7,3,12,10520.9871,10373.7880,0.0000,10373.7880,0.0000,23403.4727,23403.4727,10520.9871,0.4495,4.0000,4.0245,0.1500,4.0000,1.0000,59.6347,95.9522,42083.948405,705.696099,42083.948405,705.696099,765.623340,765.623340,"LINESTRING (-96.774563 43.573014, -96.780396 43.543993)",10520.987101,10373.788000,0.449548,7.275226,7.500000,7.724774,44.488966,71.582747,23403.472656,542849.640062,60.000000,45.000000,96.540000,72.405000,53.256778,52.932500,54.966909,85.690156,85.168392,88.441756,4.366263,0.000000,60.000,57.958,55.917,53.875,51.211,46.447,44.489,46.447,51.211,53.875,55.917,57.958,
40,8,4,3,14426.5289,14791.1770,0.0000,14791.1770,0.0000,17110.5234,17110.5234,14426.5289,0.8431,4.0000,4.3032,0.1500,4.0000,1.0000,55.7723,89.7376,57706.115521,1034.673382,57706.115521,1034.673382,1267.384063,1267.384063,"LINESTRING (-96.747083 43.563904, -96.774217 43.573212)",14426.528880,14791.177000,0.843138,7.078431,7.500000,7.921569,39.400057,63.394692,17110.523438,36947.879889,60.000000,45.000000,96.540000,72.405000,47.352933,44.016368,45.531672,76.190869,70.822335,73.260460,5.271056,0.000000,60.000,47.348,46.047,43.650,41.404,39.914,39.400,39.914,41.404,43.650,46.047,47.348,
40,9,4,5,18369.3773,18945.7440,0.0000,18945.7440,0.0000,17782.7949,17782.7949,18369.3773,1.0330,2.0000,2.3416,0.1500,4.0000,1.0000,51.2473,82.4570,36738.754530,716.890999,36738.754530,716.890999,955.854666,955.854666,"LINESTRING (-96.747162 43.563389, -96.731563 43.563769)",18369.377265,18945.744000,1.032986,6.983507,7.500000,8.016493,34.084815,54.842467,17782.794922,14226.235937,60.000000,45.000000,96.540000,72.405000,45.000000,38.435503,38.435503,72.405000,61.842724,61.842724,3.122113,0.000000,44.943,43.309,40.576,37.886,35.799,34.515,34.085,34.515,35.799,37.886,40.576,43.309,
40,10,4,11,5602.2078,5240.8310,0.0000,-1.0000,0.0000,4908.8267,4908.8267,5602.2078,1.1413,6.0000,7.5268,0.1500,4.0000,1.0000,47.8294,76.9575,33613.246503,702.773828,33613.246503,702.773828,937.031771,937.031771,"LINESTRING (-96.747433 43.563649, -96.747105 43.544126)",5602.207750,-1.000000,1.141252,6.929374,7.500000,8.070626,30.464893,49.018013,4908.826660,11781.183984,60.000000,45.000000,96.540000,72.405000,45.000000,35.872046,35.872046,72.405000,57.718122,57.718122,10.035670,0.000000,43.871,40.762,37.281,34.311,32.162,30.886,30.465,30.886,32.162,34.311,37.281,40.762,
40,11,5,4,18448.1236,18832.0060,0.0000,-1.0000,0.0000,17782.7949,17782.7949,18448.1236,1.0374,2.0000,2.3475,0.1500,4.0000,1.0000,51.1186,82.2499,36896.247257,721.776728,36896.247257,721.776728,962.368970,962.368970,"LINESTRING (-96.731576 43.564298, -96.747175 43.563918)",18448.123629,-1.000000,1.037414,6.981293,7.500000,8.018707,33.942728,54.613849,17782.794922,14226.235937,60.000000,45.000000,96.540000,72.405000,45.000000,38.338983,38.338983,72.405000,61.687423,61.687423,3.129974,0.000000,44.927,43.228,40.458,37.752,35.659,34.373,33.943,34.373,35.659,37.752,40.458,43.228,
40,12,5,6,8798.5966,8554.2850,0.0000,-1.0000,0.0000,4947.9956,4947.9956,8798.5966,1.7782,4.0000,9.9991,0.1500,4.0000,1.0000,24.0021,38.6194,35194.386222,1466.303911,35194.386222,1466.303911,1955.071881,1955.071881,"LINESTRING (-96.731367 43.563863, -96.711442 43.587414)",8798.596555,-1.000000,1.778214,6.610893,7.500000,8.389107,11.804554,18.993527,4947.995605,7916.792969,60.000000,45.000000,96.540000,72.405000,45.000000,18.001582,18.001582,72.405000,28.964545,28.964545,13.332162,1.083333,19.441,16.590,14.624,13.294,12.438,11.959,11.805,11.959,12.438,13.294,14.624,16.590,
40,13,5,9,15911.3824,15714.9260,0.0000,-1.0000,0.0000,10000.0000,10000.0000,15911.3824,1.5911,5.0000,9.8072,0.1500,4.0000,1.0000,30.5897,49.2189,79556.912150,2600.770636,79556.912150,2600.770636,3467.694181,3467.694181,"LINESTRING (-96.731834 43.564028, -96.731506 43.548591)",15911.382430,-1.000000,1.591138,6.704431,7.500000,8.295569,16.055929,25.833989,10000.000000,20000.000000,60.000000,45.000000,96.540000,72.405000,45.000000,22.942309,22.942309,72.405000,36.914176,36.914176,13.076277,1.083333,27.111,23.084,20.222,18.261,16.994,16.285,16.056,16.285,16.994,18.261,20.222,23.084,
40,14,6,2,6023.5351,5582.6130,0.0000,-1.0000,0.0000,4958.1812,4958.1812,6023.5351,1.2149,5.0000,6.6337,0.1500,4.0000,1.0000,45.2235,72.7646,30117.675346,665.974028,30117.675346,665.974028,887.965370,887.965370,"LINESTRING (-96.711379 43.587580, -96.710986 43.605807)",6023.535069,-1.000000,1.214868,6.892566,7.500000,8.107434,27.904471,44.898294,4958.181152,9916.362305,60.000000,45.000000,96.540000,72.405000,45.000000,33.917624,33.917624,72.405000,54.573457,54.573457,8.844959,0.416667,42.305,38.404,34.636,31.631,29.530,28.305,27.904,28.305,29.530,31.631,34.636,38.404,
40,15,6,5,8661.5115,8519.1620,0.0000,-1.0000,0.0000,4947.9956,4947.9956,8661.5115,1.7505,4.0000,9.6339,0.1500,4.0000,1.0000,24.9120,40.0835,34646.045995,1390.734920,34646.045995,1390.734920,1854.313227,1854.313227,"LINESTRING (-96.711846 43.587757, -96.731771 43.564205)",8661.511499,-1.000000,1.750509,6.624745,7.500000,8.375255,12.359621,19.886630,4947.995605,7916.792969,60.000000,45.000000,96.540000,72.405000,45.000000,18.684031,18.684031,72.405000,30.062606,30.062606,12.845194,1.083333,20.469,17.445,15.356,13.942,13.033,12.524,12.360,12.524,13.033,13.942,15.356,17.445,
40,16,6,8,12530.1906,12837.4990,0.0000,-1.0000,0.0000,4898.5874,4898.5874,12530.1906,2.5579,2.0000,14.8431,0.1500,4.0000,1.0000,8.0846,13.0081,25060.381179,3099.772879,25060.381179,3099.772879,4133.030505,4133.030505,"LINESTRING (-96.711909 43.587583, -96.711647 43.562321)",12530.190589,-1.000000,2.557919,6.221040,7.500000,8.778960,3.450823,5.552374,4898.587402,3918.869922,60.000000,45.000000,96.540000,72.405000,45.000000,6.063440,6.063440,72.405000,9.756074,9.756074,19.790747,1.083333,4.667,4.237,3.927,3.707,3.562,3.478,3.451,3.478,3.562,3.707,3.927,4.237,
40,17,7,8,12256.8573,12616.3120,0.0000,-1.0000,0.0000,7841.8115,7841.8115,12256.8573,1.5630,3.0000,5.6857,0.1500,4.0000,1.0000,31.6582,50.9380,36770.572027,1161.487734,36770.572027,1161.487734,1548.650313,1548.650313,"LINESTRING (-96.693445 43.564107, -96.711404 43.562588)",12256.857342,-1.000000,1.563014,6.718493,7.500000,8.281507,16.799912,27.031058,7841.811523,9410.173828,60.000000,45.000000,96.540000,72.405000,45.000000,23.743625,23.743625,72.405000,38.203492,38.203492,7.580982,1.083333,28.380,24.195,21.193,19.128,17.791,17.041,16.800,17.041,17.791,19.128,21.193,24.195,
40,18,7,18,15732.1538,15620.5550,0.0000,-1.0000,0.0000,23403.4727,23403.4727,15732.1538,0.6722,2.0000,2.0613,0.1500,4.0000,1.0000,58.2169,93.6710,31464.307517,540.466758,31464.307517,540.466758,622.166513,622.166513,"LINESTRING (-96.693687 43.563854, -96.694343 43.546754)",15732.153759,-1.000000,0.672215,7.163893,7.500000,7.836107,42.556087,68.472744,23403.472656,50835.761432,60.000000,45.000000,96.540000,72.405000,49.916782,48.433352,50.572165,80.316103,77.929263,81.370613,2.372847,0.000000,60.000,54.873,49.914,48.251,45.447,43.317,42.556,43.317,45.447,48.251,49.914,54.873,
40,19,8,6,12457.7067,12901.7750,0.0000,-1.0000,0.0000,4898.5874,4898.5874,12457.7067,2.5431,2.0000,14.5485,0.1500,4.0000,1.0000,8.2483,13.2715,24915.413466,3020.672879,24915.413466,3020.672879,4027.563838,4027.563838,"LINESTRING (-96.711117 43.562327, -96.711379 43.587588)",12457.706733,-1.000000,2.543122,6.228439,7.500000,8.771561,3.525492,5.672517,4898.587402,3918.869922,60.000000,45.000000,96.540000,72.405000,45.000000,6.186224,6.186224,72.405000,9.953635,9.953635,19.397939,1.083333,4.783,4.338,4.017,3.790,3.640,3.554,3.525,3.554,3.640,3.790,4.017,4.338,
40,20,8,7,12218.5041,12528.5700,0.0000,-1.0000,0.0000,7841.8115,7841.8115,12218.5041,1.5581,3.0000,5.6523,0.1500,4.0000,1.0000,31.8456,51.2395,36655.512229,1151.039726,36655.512229,1151.039726,1534.719634,1534.719634,"LINESTRING (-96.711359 43.562060, -96.693400 43.563580)",12218.504076,-1.000000,1.558123,6.720939,7.500000,8.279061,16.932100,27.243749,7841.811523,9410.173828,60.000000,45.000000,96.540000,72.405000,45.000000,23.884175,23.884175,72.405000,38.429637,38.429637,7.536371,1.083333,28.602,24.391,21.365,19.281,17.932,17.176,16.932,17.176,17.932,19.281,21.365,24.391,
40,21,8,9,7003.0980,7211.1840,0.0000,-1.0000,0.0000,5050.1934,5050.1934,7003.0980,1.3867,10.0000,15.5465,0.1500,4.0000,1.0000,38.5939,62.0975,70030.980015,1814.562589,70030.980015,1814.562589,2419.416785,2419.416785,"LINESTRING (-96.711532 43.562542, -96.731392 43.548814)",7003.098001,-1.000000,1.386699,6.806651,7.500000,8.193349,22.059135,35.493148,5050.193359,20200.773438,60.000000,45.000000,96.540000,72.405000,45.000000,28.945397,28.945397,72.405000,46.573144,46.573144,20.728684,0.750000,36.303,31.591,27.867,25.180,23.398,22.386,22.059,22.386,23.398,25.180,27.867,31.591,
40,22,8,16,8319.8090,8565.5690,0.0000,-1.0000,0.0000,5045.8228,5045.8228,8319.8090,1.6489,5.0000,10.5435,0.1500,4.0000,1.0000,28.4535,45.7816,41599.044983,1462.003166,41599.044983,1462.003166,1949.337554,1949.337554,"LINESTRING (-96.711647 43.562324, -96.711647 43.546744)",8319.808997,-1.000000,1.648851,6.675575,7.500000,8.324425,14.615964,23.517086,5045.822754,10091.645508,60.000000,45.000000,96.540000,72.405000,45.000000,21.340093,21.340093,72.405000,34.336210,34.336210,14.058045,1.083333,24.579,20.906,18.332,16.580,15.451,14.819,14.616,14.819,15.451,16.580,18.332,20.906,
40,23,9,5,16127.2139,15636.3110,0.0000,-1.0000,0.0000,10000.0000,10000.0000,16127.2139,1.6127,5.0000,10.0734,0.1500,4.0000,1.0000,29.7814,47.9183,80636.069251,2707.596483,80636.069251,2707.596483,3610.128644,3610.128644,"LINESTRING (-96.730977 43.548602, -96.731304 43.564039)",16127.213850,-1.000000,1.612721,6.693639,7.500000,8.306361,15.503753,24.945539,10000.000000,20000.000000,60.000000,45.000000,96.540000,72.405000,45.000000,22.336065,22.336065,72.405000,35.938729,35.938729,13.431193,1.083333,26.151,22.253,19.499,17.617,16.403,15.723,15.504,15.723,16.403,17.617,19.499,22.253,
40,24,9,8,6880.3991,7156.6410,0.0000,-1.0000,0.0000,5050.1934,5050.1934,6880.3991,1.3624,10.0000,15.1679,0.1500,4.0000,1.0000,39.5572,63.6476,68803.991347,1739.352973,68803.991347,1739.352973,2319.137297,2319.137297,"LINESTRING (-96.731091 43.548379, -96.711231 43.562106)",6880.399135,-1.000000,1.362403,6.818798,7.500000,8.181202,22.854467,36.772838,5050.193359,20200.773438,60.000000,45.000000,96.540000,72.405000,45.000000,29.667925,29.667925,72.405000,47.735691,47.735691,20.223861,0.750000,37.309,32.619,28.837,26.079,24.240,23.194,22.854,23.194,24.240,26.079,28.837,32.619,
40,25,9,10,21771.2212,21936.9200,0.0000,-1.0000,0.0000,13915.7881,13915.7881,21771.2212,1.5645,3.0000,5.6960,0.1500,4.0000,1.0000,31.6014,50.8466,65313.663636,2066.797846,65313.663636,2066.797846,2755.730462,2755.730462,"LINESTRING (-96.731506 43.548612, -96.731702 43.545287)",21771.221212,-1.000000,1.564498,6.717751,7.500000,8.282249,16.759957,26.966770,13915.788086,16698.945703,60.000000,45.000000,96.540000,72.405000,45.000000,23.701035,23.701035,72.405000,38.134965,38.134965,7.594605,1.083333,28.312,24.135,21.141,19.081,17.748,17.001,16.760,17.001,17.748,19.081,21.141,24.135,
40,26,10,9,21964.3538,21903.7600,0.0000,-1.0000,0.0000,13915.7881,13915.7881,21964.3538,1.5784,3.0000,5.7929,0.1500,4.0000,1.0000,31.0725,49.9957,65893.061296,2120.620858,65893.061296,2120.620858,2827.494477,2827.494477,"LINESTRING (-96.731174 43.545255, -96.730977 43.548581)",21964.353765,-1.000000,1.578377,6.710812,7.500000,8.289188,16.390093,26.371660,13915.788086,16698.945703,60.000000,45.000000,96.540000,72.405000,45.000000,23.304400,23.304400,72.405000,37.496779,37.496779,7.723863,1.083333,27.684,23.584,20.658,18.651,17.352,16.624,16.390,16.624,17.352,18.651,20.658,23.584,
40,27,10,11,17806.3859,17616.9180,0.0000,-1.0000,0.0000,10000.0000,10000.0000,17806.3859,1.7806,5.0000,12.5399,0.1500,4.0000,1.0000,23.9237,38.4932,89031.929435,3721.498795,89031.929435,3721.498795,4961.998393,4961.998393,"LINESTRING (-96.731458 43.545535, -96.746860 43.544395)",17806.385887,-1.000000,1.780639,6.609681,7.500000,8.390319,11.757161,18.917272,10000.000000,20000.000000,60.000000,45.000000,96.540000,72.405000,45.000000,17.942757,17.942757,72.405000,28.869895,28.869895,16.719839,1.083333,19.353,16.517,14.561,13.239,12.387,11.911,11.757,11.911,12.387,13.239,14.561,16.517,
40,28,10,15,22966.9337,22471.7850,0.0000,-1.0000,0.0000,13512.0020,13512.0020,22966.9337,1.6997,6.0000,13.5123,0.1500,4.0000,1.0000,26.6423,42.8675,137801.601975,5172.287187,137801.601975,5172.287187,6896.382916,6896.382916,"LINESTRING (-96.731703 43.545272, -96.731768 43.529402)",22966.933663,-1.000000,1.699743,6.650128,7.500000,8.349872,13.442429,21.628869,13512.001953,32428.804688,60.000000,45.000000,96.540000,72.405000,45.000000,19.981721,19.981721,72.405000,32.150590,32.150590,18.016466,1.083333,22.458,19.111,16.786,15.208,14.193,13.625,13.442,13.625,14.193,15.208,16.786,19.111,
40,29,10,16,11048.1946,11370.8130,0.0000,-1.0000,0.0000,4854.9175,4854.9175,11048.1946,2.2757,4.0000,20.0912,0.1500,4.0000,1.0000,11.9455,19.2203,44192.778472,3699.529373,44192.778472,3699.529373,4932.705830,4932.705830,"LINESTRING (-96.731419 43.545007, -96.711362 43.546480)",11048.194618,-1.000000,2.275671,6.362165,7.500000,8.637835,5.267617,8.475596,4854.917480,7767.867969,60.000000,45.000000,96.540000,72.405000,45.000000,8.959135,8.959135,72.405000,14.415249,14.415249,26.788300,1.083333,7.613,6.761,6.161,5.746,5.473,5.318,5.268,5.318,5.473,5.746,6.161,6.761,
40,30,10,17,8202.9264,8099.9990,0.0000,-1.0000,0.0000,4993.5107,4993.5107,8202.9264,1.6427,8.0000,16.7384,0.1500,4.0000,1.0000,28.6766,46.1406,65623.411293,2288.399467,65623.411293,2288.399467,3051.199289,3051.199289,"LINESTRING (-96.731490 43.545011, -96.711433 43.541020)",8202.926412,-1.000000,1.642717,6.678641,7.500000,8.321359,14.763462,23.754411,4993.510742,15979.234375,60.000000,45.000000,96.540000,72.405000,45.000000,21.507416,21.507416,72.405000,34.605432,34.605432,22.317884,1.083333,24.843,21.131,18.526,16.753,15.609,14.969,14.763,14.969,15.609,16.753,18.526,21.131,
40,31,11,4,5619.0913,5449.1700,0.0000,-1.0000,0.0000,4908.8267,4908.8267,5619.0913,1.1447,6.0000,7.5452,0.1500,4.0000,1.0000,47.7122,76.7689,33714.547581,706.623244,33714.547581,706.623244,942.164326,942.164326,"LINESTRING (-96.746576 43.544135, -96.746904 43.563658)",5619.091264,-1.000000,1.144691,6.927654,7.500000,8.072346,30.346197,48.827031,4908.826660,11781.183984,60.000000,45.000000,96.540000,72.405000,45.000000,35.784148,35.784148,72.405000,57.576694,57.576694,10.060321,0.000000,43.813,40.662,37.164,34.189,32.041,30.766,30.346,30.766,32.041,34.189,37.164,40.662,
40,32,11,10,17542.8117,17464.9980,0.0000,-1.0000,0.0000,10000.0000,10000.0000,17542.8117,1.7543,5.0000,12.1033,0.1500,4.0000,1.0000,24.7867,39.8818,87714.058640,3538.755256,87714.058640,3538.755256,4718.340341,4718.340341,"LINESTRING (-96.746821 43.543867, -96.731418 43.545007)",17542.811728,-1.000000,1.754281,6.622859,7.500000,8.377141,12.282582,19.762675,10000.000000,20000.000000,60.000000,45.000000,96.540000,72.405000,45.000000,18.590024,18.590024,72.405000,29.911348,29.911348,16.137688,1.083333,20.326,17.326,15.255,13.852,12.950,12.445,12.283,12.445,12.950,13.852,15.255,17.326,
40,33,11,12,8384.9062,8377.5220,0.0000,-1.0000,0.0000,4908.8267,4908.8267,8384.9062,1.7081,6.0000,13.6617,0.1500,4.0000,1.0000,26.3511,42.3989,50309.437061,1909.199757,50309.437061,1909.199757,2545.599676,2545.599676,"LINESTRING (-96.746842 43.544395, -96.780138 43.544205)",8384.906177,-1.000000,1.708128,6.645936,7.500000,8.354064,13.257606,21.331488,4908.826660,11781.183984,60.000000,45.000000,96.540000,72.405000,45.000000,19.763295,19.763295,72.405000,31.799141,31.799141,18.215586,1.083333,22.120,18.827,16.542,14.992,13.995,13.437,13.258,13.437,13.995,14.992,16.542,18.827,
40,34,11,14,9984.9158,9587.5490,0.0000,-1.0000,0.0000,4876.5083,4876.5083,9984.9158,2.0476,4.0000,14.5461,0.1500,4.0000,1.0000,16.4992,26.5473,39939.663144,2420.697582,39939.663144,2420.697582,3227.596776,3227.596776,"LINESTRING (-96.747096 43.544203, -96.751290 43.529378)",9984.915786,-1.000000,2.047554,6.476223,7.500000,8.523777,7.571300,12.182222,4876.508301,7802.413281,60.000000,45.000000,96.540000,72.405000,45.000000,12.374428,12.374428,72.405000,19.910454,19.910454,19.394836,1.083333,11.638,10.132,9.089,8.378,7.916,7.655,7.571,7.655,7.916,8.378,9.089,10.132,
40,35,12,3,10460.7560,10279.7920,0.0000,-1.0000,0.0000,23403.4727,23403.4727,10460.7560,0.4470,4.0000,4.0239,0.1500,4.0000,1.0000,59.6429,95.9654,41843.024098,701.559097,41843.024098,701.559097,760.678271,760.678271,"LINESTRING (-96.779877 43.543888, -96.774044 43.572909)",10460.756025,-1.000000,0.446975,7.276513,7.500000,7.723487,44.500440,71.601207,23403.472656,556632.179966,60.000000,45.000000,96.540000,72.405000,53.295382,52.978192,55.007519,85.752270,85.241911,88.507097,4.363040,0.000000,60.000,57.979,55.959,53.938,51.298,46.485,44.500,46.485,51.298,53.938,55.959,57.979,
40,36,12,11,8475.1096,8460.4220,0.0000,-1.0000,0.0000,4908.8267,4908.8267,8475.1096,1.7265,6.0000,13.9967,0.1500,4.0000,1.0000,25.7203,41.3839,50850.657419,1977.065173,50850.657419,1977.065173,2636.086897,2636.086897,"LINESTRING (-96.780135 43.543676, -96.746839 43.543866)",8475.109570,-1.000000,1.726504,6.636748,7.500000,8.363252,12.860886,20.693165,4908.826660,11781.183984,60.000000,45.000000,96.540000,72.405000,45.000000,19.290205,19.290205,72.405000,31.037940,31.037940,18.662321,1.083333,21.393,18.217,16.018,14.528,13.570,13.034,12.861,13.034,13.570,14.528,16.018,18.217,
40,37,12,13,12903.0509,13227.4050,0.0000,-1.0000,0.0000,25900.2012,25900.2012,12903.0509,0.4982,3.0000,3.0277,0.1500,4.0000,1.0000,59.4507,95.6562,38709.152611,651.113429,38709.152611,651.113429,714.683423,714.683423,"LINESTRING (-96.780394 43.544005, -96.793634 43.490771)",12903.050870,-1.000000,0.498183,7.250908,7.500000,7.749092,44.233693,71.172012,25900.201172,288170.945291,60.000000,45.000000,96.540000,72.405000,52.527249,52.046366,54.162656,84.516343,83.742604,87.147714,3.323323,0.000000,60.000,57.518,55.036,52.554,49.686,45.761,44.234,45.761,49.686,52.554,55.036,57.518,
40,38,13,12,13033.0232,13316.3060,0.0000,-1.0000,0.0000,25900.2012,25900.2012,13033.0232,0.5032,3.0000,3.0289,0.1500,4.0000,1.0000,59.4285,95.6204,39099.069559,657.918374,39099.069559,657.918374,723.046253,723.046253,"LINESTRING (-96.793120 43.490643, -96.779880 43.543877)",13033.023186,-1.000000,0.503202,7.248399,7.500000,7.751601,44.202903,71.122470,25900.201172,275948.960148,60.000000,45.000000,96.540000,72.405000,52.451976,51.952327,54.075475,84.395229,83.591295,87.007439,3.328681,0.000000,60.000,57.468,54.936,52.450,49.540,45.693,44.203,45.693,49.540,52.450,54.936,57.468,
40,39,13,24,11055.9603,10975.7040,0.0000,-1.0000,0.0000,5091.2563,5091.2563,11055.9603,2.1716,4.0000,17.3425,0.1500,4.0000,1.0000,13.8388,22.2667,44223.841087,3195.633514,44223.841087,3195.633514,4260.844686,4260.844686,"LINESTRING (-96.793305 43.490452, -96.749128 43.502909)",11055.960272,-1.000000,2.171558,6.414221,7.500000,8.585779,6.203219,9.980980,5091.256348,8146.010156,60.000000,45.000000,96.540000,72.405000,45.000000,10.379125,10.379125,72.405000,16.700013,16.700013,23.123336,1.083333,9.216,8.111,7.340,6.809,6.463,6.267,6.203,6.267,6.463,6.809,7.340,8.111,
40,40,14,11,9748.0217,9661.0710,0.0000,-1.0000,0.0000,4876.5083,4876.5083,9748.0217,1.9990,4.0000,13.5803,0.1500,4.0000,1.0000,17.6726,28.4352,38992.086989,2206.358980,38992.086989,2206.358980,2941.811973,2941.811973,"LINESTRING (-96.750781 43.529234, -96.746586 43.544059)",9748.021747,-1.000000,1.998976,6.500512,7.500000,8.499488,8.195544,13.186630,4876.508301,7802.413281,60.000000,45.000000,96.540000,72.405000,45.000000,13.254446,13.254446,72.405000,21.326403,21.326403,18.107132,1.083333,12.768,11.069,9.896,9.097,8.580,8.289,8.196,8.289,8.580,9.097,9.896,11.069,
40,41,14,15,9188.4022,8967.3150,0.0000,-1.0000,0.0000,5127.5259,5127.5259,9188.4022,1.7920,5.0000,12.7337,0.1500,4.0000,1.0000,23.5594,37.9072,45942.011185,1950.046094,45942.011185,1950.046094,2600.061458,2600.061458,"LINESTRING (-96.751034 43.529041, -96.731502 43.529136)",9188.402237,-1.000000,1.791976,6.604012,7.500000,8.395988,11.538005,18.564651,5127.525879,10255.051758,60.000000,45.000000,96.540000,72.405000,45.000000,17.669587,17.669587,72.405000,28.430365,28.430365,16.978326,1.083333,18.946,16.179,14.273,12.983,12.153,11.688,11.538,11.688,12.153,12.983,14.273,16.179,
40,42,14,23,8367.5660,8224.4510,0.0000,-1.0000,0.0000,4924.7905,4924.7905,8367.5660,1.6991,4.0000,9.0003,0.1500,4.0000,1.0000,26.6658,42.9052,33470.263861,1255.177884,33470.263861,1255.177884,1673.570512,1673.570512,"LINESTRING (-96.751300 43.529304, -96.751169 43.514856)",8367.565965,-1.000000,1.699070,6.650465,7.500000,8.349535,13.457362,21.652896,4924.790527,7879.664844,60.000000,45.000000,96.540000,72.405000,45.000000,19.999315,19.999315,72.405000,32.178898,32.178898,12.000411,1.083333,22.485,19.134,16.805,15.226,14.209,13.640,13.457,13.640,14.209,15.226,16.805,19.134,
40,43,15,10,23339.0277,22484.8340,0.0000,-1.0000,0.0000,13512.0020,13512.0020,23339.0277,1.7273,6.0000,14.0111,0.1500,4.0000,1.0000,25.6938,41.3414,140034.165904,5450.109446,140034.165904,5450.109446,7266.812595,7266.812595,"LINESTRING (-96.731239 43.529400, -96.731173 43.545270)",23339.027651,-1.000000,1.727281,6.636359,7.500000,8.363641,12.844358,20.666573,13512.001953,32428.804688,60.000000,45.000000,96.540000,72.405000,45.000000,19.270370,19.270370,72.405000,31.006025,31.006025,18.681530,1.083333,21.362,18.191,15.996,14.509,13.552,13.017,12.844,13.017,13.552,14.509,15.996,18.191,
40,44,15,14,8967.7522,9041.5010,0.0000,-1.0000,0.0000,5127.5259,5127.5259,8967.7522,1.7489,5.0000,12.0172,0.1500,4.0000,1.0000,24.9642,40.1674,44838.761027,1796.122072,44838.761027,1796.122072,2394.829430,2394.829430,"LINESTRING (-96.731505 43.529666, -96.751037 43.529571)",8967.752205,-1.000000,1.748943,6.625528,7.500000,8.374472,12.391737,19.938305,5127.525879,10255.051758,60.000000,45.000000,96.540000,72.405000,45.000000,18.723154,18.723154,72.405000,30.125555,30.125555,16.022941,1.083333,20.528,17.494,15.399,13.980,13.067,12.556,12.392,12.556,13.067,13.980,15.399,17.494,
40,45,15,19,19009.1199,17955.9730,0.0000,-1.0000,0.0000,14564.7529,14564.7529,19009.1199,1.3051,3.0000,4.3057,0.1500,4.0000,1.0000,41.8049,67.2641,57027.359562,1364.130560,57027.359562,1364.130560,1818.840746,1818.840746,"LINESTRING (-96.731501 43.529136, -96.711314 43.529326)",19009.119854,-1.000000,1.305145,6.847427,7.500000,8.152573,24.778763,39.869030,14564.752930,17477.703516,60.000000,45.000000,96.540000,72.405000,45.000000,31.353685,31.353685,72.405000,50.448079,50.448079,5.740952,0.583333,39.503,34.984,31.125,28.229,26.268,25.144,24.779,25.144,26.268,28.229,31.125,34.984,
40,46,15,22,18243.9701,18078.3220,0.0000,-1.0000,0.0000,9599.1807,9599.1807,18243.9701,1.9006,3.0000,8.8716,0.1500,4.0000,1.0000,20.2896,32.6459,54731.910357,2697.540263,54731.910357,2697.540263,3596.720350,3596.720350,"LINESTRING (-96.731768 43.529396, -96.731506 43.514853)",18243.970119,-1.000000,1.900576,6.549712,7.500000,8.450288,9.636546,15.505203,9599.180664,11519.016797,60.000000,45.000000,96.540000,72.405000,45.000000,15.217171,15.217171,72.405000,24.484429,24.484429,11.828742,1.083333,15.416,13.257,11.773,10.767,10.118,9.754,9.637,9.754,10.118,10.767,11.773,13.257,
40,47,16,8,8331.6707,8596.6460,0.0000,-1.0000,0.0000,5045.8228,5045.8228,8331.6707,1.6512,5.0000,10.5752,0.1500,4.0000,1.0000,28.3682,45.6445,41658.353703,1468.486957,41658.353703,1468.486957,1957.982609,1957.982609,"LINESTRING (-96.711117 43.546744, -96.711117 43.562324)",8331.670741,-1.000000,1.651202,6.674399,7.500000,8.325601,14.559780,23.426686,5045.822754,10091.645508,60.000000,45.000000,96.540000,72.405000,45.000000,21.276161,21.276161,72.405000,34.233343,34.233343,14.100288,1.083333,24.479,20.821,18.258,16.515,15.391,14.762,14.560,14.762,15.391,16.515,18.258,20.821,
40,48,16,10,11100.0425,11376.5300,0.0000,-1.0000,0.0000,4854.9175,4854.9175,11100.0425,2.2864,4.0000,20.3954,0.1500,4.0000,1.0000,11.7674,18.9337,44400.170161,3773.166228,44400.170161,3773.166228,5030.888304,5030.888304,"LINESTRING (-96.711401 43.547008, -96.731457 43.545535)",11100.042540,-1.000000,2.286350,6.356825,7.500000,8.643175,5.181138,8.336451,4854.917480,7767.867969,60.000000,45.000000,96.540000,72.405000,45.000000,8.825513,8.825513,72.405000,14.200250,14.200250,27.193887,1.083333,7.467,6.638,6.053,5.648,5.381,5.230,5.181,5.230,5.381,5.648,6.053,6.638,
40,49,16,17,11577.2803,10895.5490,0.0000,-1.0000,0.0000,5229.9102,5229.9102,11577.2803,2.2137,2.0000,9.2039,0.1500,4.0000,1.0000,13.0379,20.9780,23154.560602,1775.944654,23154.560602,1775.944654,2367.926205,2367.926205,"LINESTRING (-96.711647 43.546744, -96.711647 43.541280)",11577.280301,-1.000000,2.213667,6.393166,7.500000,8.606834,5.803680,9.338122,5229.910156,4183.928125,60.000000,45.000000,96.540000,72.405000,45.000000,9.778413,9.778413,72.405000,15.733467,15.733467,12.271930,1.083333,8.525,7.531,6.835,6.354,6.040,5.861,5.804,5.861,6.040,6.354,6.835,7.531,
40,50,16,18,15595.1270,16700.5900,0.0000,-1.0000,0.0000,19679.8965,19679.8965,15595.1270,0.7924,3.0000,3.1775,0.1500,4.0000,1.0000,56.6492,91.1486,46785.381145,825.879040,46785.381145,825.879040,990.843443,990.843443,"LINESTRING (-96.711382 43.546479, -96.694078 43.546479)",15595.127048,-1.000000,0.792439,7.103780,7.500000,7.896220,40.507460,65.176503,19679.896484,37394.852758,60.000000,45.000000,96.540000,72.405000,48.113408,45.426429,47.217733,77.414473,73.091124,75.973332,3.812127,0.000000,60.000,50.455,47.354,45.049,42.684,41.069,40.507,41.069,42.684,45.049,47.354,50.455,
40,51,17,10,8135.6912,8099.9990,0.0000,-1.0000,0.0000,4993.5107,4993.5107,8135.6912,1.6293,8.0000,16.4554,0.1500,4.0000,1.0000,29.1697,46.9341,65085.529711,2231.270092,65085.529711,2231.270092,2975.026790,2975.026790,"LINESTRING (-96.711330 43.541540, -96.731386 43.545531)",8135.691214,-1.000000,1.629253,6.685374,7.500000,8.314626,15.091865,24.282811,4993.510742,15979.234375,60.000000,45.000000,96.540000,72.405000,45.000000,21.877292,21.877292,72.405000,35.200563,35.200563,21.940558,1.083333,25.426,21.630,18.958,17.136,15.961,15.304,15.092,15.304,15.961,17.136,18.958,21.630,
40,52,17,16,11588.8904,10905.3180,0.0000,-1.0000,0.0000,5229.9102,5229.9102,11588.8904,2.2159,2.0000,9.2329,0.1500,4.0000,1.0000,12.9970,20.9122,23177.780858,1783.315547,23177.780858,1783.315547,2377.754063,2377.754063,"LINESTRING (-96.711117 43.541280, -96.711117 43.546744)",11588.890429,-1.000000,2.215887,6.392056,7.500000,8.607944,5.783443,9.305559,5229.910156,4183.928125,60.000000,45.000000,96.540000,72.405000,45.000000,9.747762,9.747762,72.405000,15.684149,15.684149,12.310518,1.083333,8.490,7.502,6.809,6.331,6.018,5.841,5.783,5.841,6.018,6.331,6.809,7.502,
40,53,17,19,9933.2789,9948.7530,0.0000,-1.0000,0.0000,4823.9507,4823.9507,9933.2789,2.0592,2.0000,7.3936,0.1500,4.0000,1.0000,16.2302,26.1144,19866.557857,1224.048152,19866.557857,1224.048152,1632.064203,1632.064203,"LINESTRING (-96.711647 43.541279, -96.711581 43.529590)",9933.278929,-1.000000,2.059158,6.470421,7.500000,8.529579,7.430011,11.954888,4823.950684,3859.160547,60.000000,45.000000,96.540000,72.405000,45.000000,12.172657,12.172657,72.405000,19.585805,19.585805,9.858160,1.083333,11.385,9.921,8.907,8.215,7.765,7.512,7.430,7.512,7.765,8.215,8.907,9.921,
40,54,18,7,15770.5070,15708.2960,0.0000,-1.0000,0.0000,23403.4727,23403.4727,15770.5070,0.6739,2.0000,2.0619,0.1500,4.0000,1.0000,58.2000,93.6438,31541.014050,541.941940,31541.014050,541.941940,624.180182,624.180182,"LINESTRING (-96.693814 43.546733, -96.693158 43.563833)",15770.507025,-1.000000,0.673853,7.163073,7.500000,7.836927,42.533479,68.436367,23403.472656,50381.104459,60.000000,45.000000,96.540000,72.405000,49.892201,48.395424,50.531906,80.276551,77.868237,81.305836,2.374737,0.000000,60.000,54.835,49.888,48.208,45.410,43.291,42.533,43.291,45.410,48.208,49.888,54.835,
40,55,18,16,15647.2266,16727.6110,0.0000,-1.0000,0.0000,19679.8965,19679.8965,15647.2266,0.7951,3.0000,3.1798,0.1500,4.0000,1.0000,56.6067,91.0802,46941.679761,829.259606,46941.679761,829.259606,995.920551,995.920551,"LINESTRING (-96.694078 43.547008, -96.711382 43.547008)",15647.226587,-1.000000,0.795087,7.102457,7.500000,7.897543,40.453221,65.089232,19679.896484,37049.923095,60.000000,45.000000,96.540000,72.405000,48.073697,45.354919,47.133960,77.350579,72.976064,75.838542,3.818903,0.000000,60.000,50.300,47.288,44.977,42.619,41.012,40.453,41.012,42.619,44.977,47.288,50.300,
40,56,18,20,19233.4067,20692.2950,0.0000,-1.0000,0.0000,23403.4727,23403.4727,19233.4067,0.8218,4.0000,4.2737,0.1500,4.0000,1.0000,56.1576,90.3576,76933.626803,1369.959483,76933.626803,1369.959483,1662.998851,1662.998851,"LINESTRING (-96.694311 43.546870, -96.711418 43.515460)",19233.406701,-1.000000,0.821818,7.089091,7.500000,7.910909,39.883328,64.172275,23403.472656,53809.502119,60.000000,45.000000,96.540000,72.405000,47.672723,44.619756,46.261984,76.705411,71.793187,74.435533,5.187845,0.000000,60.000,48.469,46.608,44.245,41.953,40.415,39.883,40.415,41.953,44.245,46.608,48.469,
40,57,19,15,19043.2453,17964.5960,0.0000,-1.0000,0.0000,14564.7529,14564.7529,19043.2453,1.3075,3.0000,4.3151,0.1500,4.0000,1.0000,41.7138,67.1176,57129.736022,1369.563367,57129.736022,1369.563367,1826.084489,1826.084489,"LINESTRING (-96.711319 43.529856, -96.731506 43.529666)",19043.245341,-1.000000,1.307488,6.846256,7.500000,8.153744,24.698850,39.740450,14564.752930,17477.703516,60.000000,45.000000,96.540000,72.405000,45.000000,31.285374,31.285374,72.405000,50.338167,50.338167,5.753487,0.583333,39.419,34.889,31.032,28.140,26.184,25.063,24.699,25.063,26.184,28.140,31.032,34.889,
40,58,19,17,9877.6539,9958.5250,0.0000,-1.0000,0.0000,4823.9507,4823.9507,9877.6539,2.0476,2.0000,7.2738,0.1500,4.0000,1.0000,16.4975,26.5445,19755.307717,1197.470725,19755.307717,1197.470725,1596.627633,1596.627633,"LINESTRING (-96.711051 43.529593, -96.711117 43.541282)",9877.653859,-1.000000,2.047627,6.476186,7.500000,8.523814,7.570401,12.180775,4823.950684,3859.160547,60.000000,45.000000,96.540000,72.405000,45.000000,12.373147,12.373147,72.405000,19.908393,19.908393,9.698422,1.083333,11.637,10.130,9.088,8.377,7.915,7.654,7.570,7.654,7.915,8.377,9.088,10.130,
40,59,19,20,8646.0354,7899.5450,0.0000,-1.0000,0.0000,5002.6074,5002.6074,8646.0354,1.7283,4.0000,9.3534,0.1500,4.0000,1.0000,25.6590,41.2853,34584.141758,1347.837408,34584.141758,1347.837408,1797.116544,1797.116544,"LINESTRING (-96.711581 43.529589, -96.711450 43.515331)",8646.035440,-1.000000,1.728306,6.635847,7.500000,8.364153,12.822599,20.631562,5002.607422,8004.171875,60.000000,45.000000,96.540000,72.405000,45.000000,19.244240,19.244240,72.405000,30.963982,30.963982,12.471264,1.083333,21.322,18.158,15.968,14.484,13.529,12.995,12.823,12.995,13.529,14.484,15.968,18.158,
40,60,20,18,19223.8595,20707.0570,0.0000,-1.0000,0.0000,23403.4727,23403.4727,19223.8595,0.8214,4.0000,4.2731,0.1500,4.0000,1.0000,56.1647,90.3690,76895.438021,1369.105474,76895.438021,1369.105474,1661.682397,1661.682397,"LINESTRING (-96.710953 43.515207, -96.693846 43.546617)",19223.859505,-1.000000,0.821411,7.089295,7.500000,7.910705,39.892328,64.186755,23403.472656,53877.463746,60.000000,45.000000,96.540000,72.405000,47.678842,44.631154,46.275653,76.715256,71.811526,74.457526,5.186313,0.000000,60.000,48.501,46.619,44.256,41.964,40.425,39.892,40.425,41.964,44.256,46.619,48.501,
40,61,20,19,8624.5359,7917.9370,0.0000,-1.0000,0.0000,5002.6074,5002.6074,8624.5359,1.7240,4.0000,9.3004,0.1500,4.0000,1.0000,25.8053,41.5208,34498.143425,1336.860276,34498.143425,1336.860276,1782.480368,1782.480368,"LINESTRING (-96.710920 43.515336, -96.711051 43.529594)",8624.535856,-1.000000,1.724008,6.637996,7.500000,8.362004,12.914107,20.778798,5002.607422,8004.171875,60.000000,45.000000,96.540000,72.405000,45.000000,19.354010,19.354010,72.405000,31.140603,31.140603,12.400531,1.083333,21.491,18.299,16.088,14.591,13.627,13.088,12.914,13.088,13.627,14.591,16.088,18.299,
40,62,20,21,6409.8163,6445.9150,0.0000,-1.0000,0.0000,5059.9121,5059.9121,6409.8163,1.2668,6.0000,8.3177,0.1500,4.0000,1.0000,43.2813,69.6396,38458.897764,888.579714,38458.897764,888.579714,1184.772952,1184.772952,"LINESTRING (-96.711248 43.515591, -96.731042 43.510742)",6409.816294,-1.000000,1.266784,6.866608,7.500000,8.133392,26.097938,41.991583,5059.912109,12143.789063,60.000000,45.000000,96.540000,72.405000,45.000000,32.460986,32.460986,72.405000,52.229726,52.229726,11.090236,0.583333,40.803,36.495,32.641,29.680,27.651,26.480,26.098,26.480,27.651,29.680,32.641,36.495,
40,63,20,22,7133.6475,7000.0000,0.0000,-1.0000,0.0000,5075.6973,5075.6973,7133.6475,1.4055,5.0000,7.9263,0.1500,4.0000,1.0000,37.8485,60.8982,35668.237497,942.395432,35668.237497,942.395432,1256.527243,1256.527243,"LINESTRING (-96.711191 43.515598, -96.731248 43.515123)",7133.647499,-1.000000,1.405452,6.797274,7.500000,8.202726,21.455359,34.521673,5075.697266,10151.394531,60.000000,45.000000,96.540000,72.405000,45.000000,28.386362,28.386362,72.405000,45.673657,45.673657,10.568455,0.750000,35.502,30.792,27.123,24.494,22.757,21.774,21.455,21.774,22.757,24.494,27.123,30.792,
40,64,21,20,6314.3061,6379.0690,0.0000,-1.0000,0.0000,5059.9121,5059.9121,6314.3061,1.2479,6.0000,8.1826,0.1500,4.0000,1.0000,43.9958,70.7893,37885.836449,861.123478,37885.836449,861.123478,1148.164637,1148.164637,"LINESTRING (-96.730916 43.510228, -96.711122 43.515076)",6314.306075,-1.000000,1.247908,6.876046,7.500000,8.123954,26.752896,43.045409,5059.912109,12143.789063,60.000000,45.000000,96.540000,72.405000,45.000000,32.996868,32.996868,72.405000,53.091960,53.091960,10.910127,0.416667,41.385,37.209,33.375,30.392,28.334,27.142,26.753,27.142,28.334,30.392,33.375,37.209,
40,65,21,22,8751.2280,8315.6170,0.0000,-1.0000,0.0000,5229.9102,5229.9102,8751.2280,1.6733,2.0000,4.3519,0.1500,4.0000,1.0000,27.5741,44.3667,17502.455986,634.742324,17502.455986,634.742324,846.323098,846.323098,"LINESTRING (-96.730715 43.510501, -96.730977 43.514874)",8751.227993,-1.000000,1.673304,6.663348,7.500000,8.336652,14.040939,22.591871,5229.910156,4183.928125,60.000000,45.000000,96.540000,72.405000,45.000000,20.680584,20.680584,72.405000,33.275060,33.275060,5.802544,1.083333,23.545,20.028,17.575,15.908,14.835,14.234,14.041,14.234,14.835,15.908,17.575,20.028,
40,66,21,24,10190.8694,10299.1050,0.0000,-1.0000,0.0000,4885.3574,4885.3574,10190.8694,2.0860,3.0000,11.5206,0.1500,4.0000,1.0000,15.6241,25.1392,30572.608181,1956.755186,30572.608181,1956.755186,2609.006915,2609.006915,"LINESTRING (-96.731078 43.510731, -96.749299 43.503410)",10190.869394,-1.000000,2.086003,6.456999,7.500000,8.543001,7.114176,11.446710,4885.357422,5862.428906,60.000000,45.000000,96.540000,72.405000,45.000000,11.718102,11.718102,72.405000,18.854426,18.854426,15.360850,1.083333,10.820,9.451,8.502,7.852,7.430,7.191,7.114,7.191,7.430,7.852,8.502,9.451,
40,67,22,15,18261.2886,18056.9340,0.0000,-1.0000,0.0000,9599.1807,9599.1807,18261.2886,1.9024,3.0000,8.8939,0.1500,4.0000,1.0000,20.2386,32.5640,54783.865766,2706.896154,54783.865766,2706.896154,3609.194872,3609.194872,"LINESTRING (-96.730977 43.514863, -96.731239 43.529406)",18261.288589,-1.000000,1.902380,6.548810,7.500000,8.451190,9.607836,15.459008,9599.180664,11519.016797,60.000000,45.000000,96.540000,72.405000,45.000000,15.178971,15.178971,72.405000,24.422965,24.422965,11.858511,1.083333,15.362,13.213,11.736,10.734,10.088,9.725,9.608,9.725,10.088,10.734,11.736,13.213,
40,68,22,20,7098.1109,7000.0000,0.0000,-1.0000,0.0000,5075.6973,5075.6973,7098.1109,1.3985,5.0000,7.8685,0.1500,4.0000,1.0000,38.1269,61.3461,35490.554700,930.853954,35490.554700,930.853954,1241.138606,1241.138606,"LINESTRING (-96.731235 43.514593, -96.711179 43.515069)",7098.110940,-1.000000,1.398450,6.800775,7.500000,8.199225,21.679701,34.882639,5075.697266,10151.394531,60.000000,45.000000,96.540000,72.405000,45.000000,28.595158,28.595158,72.405000,46.009609,46.009609,10.491287,0.750000,35.803,31.091,27.400,24.749,22.995,22.001,21.680,22.001,22.995,24.749,27.400,31.091,
40,69,22,21,8687.6354,8299.4610,0.0000,-1.0000,0.0000,5229.9102,5229.9102,8687.6354,1.6611,2.0000,4.2843,0.1500,4.0000,1.0000,28.0093,45.0670,17375.270709,620.338727,17375.270709,620.338727,827.118303,827.118303,"LINESTRING (-96.731506 43.514842, -96.731244 43.510469)",8687.635354,-1.000000,1.661144,6.669428,7.500000,8.330572,14.324280,23.047767,5229.910156,4183.928125,60.000000,45.000000,96.540000,72.405000,45.000000,21.006996,21.006996,72.405000,33.800256,33.800256,5.712383,1.083333,24.056,20.461,17.948,16.239,15.139,14.523,14.324,14.523,15.139,16.239,17.948,20.461,
40,70,22,23,9595.6019,9604.3880,0.0000,-1.0000,0.0000,5000.0000,5000.0000,9595.6019,1.9191,4.0000,12.1388,0.1500,4.0000,1.0000,19.7713,31.8121,38382.407756,1941.317467,38382.407756,1941.317467,2588.423289,2588.423289,"LINESTRING (-96.731241 43.515123, -96.750904 43.515123)",9595.601939,-1.000000,1.919120,6.540440,7.500000,8.459560,9.345677,15.037195,5000.000000,8000.000000,60.000000,45.000000,96.540000,72.405000,45.000000,14.828490,14.828490,72.405000,23.859040,23.859040,16.185060,1.083333,14.878,12.813,11.393,10.429,9.807,9.458,9.346,9.458,9.807,10.429,11.393,12.813,
40,71,23,14,8351.3220,8223.7860,0.0000,-1.0000,0.0000,4924.7905,4924.7905,8351.3220,1.6958,4.0000,8.9616,0.1500,4.0000,1.0000,26.7810,43.0906,33405.287832,1247.352426,33405.287832,1247.352426,1663.136568,1663.136568,"LINESTRING (-96.750640 43.514861, -96.750771 43.529309)",8351.321958,-1.000000,1.695772,6.652114,7.500000,8.347886,13.530797,21.771052,4924.790527,7879.664844,60.000000,45.000000,96.540000,72.405000,45.000000,20.085715,20.085715,72.405000,32.317916,32.317916,11.948790,1.083333,22.619,19.247,16.902,15.312,14.288,13.715,13.531,13.715,14.288,15.312,16.902,19.247,
40,72,23,22,9513.7912,9566.8430,0.0000,-1.0000,0.0000,5000.0000,5000.0000,9513.7912,1.9028,4.0000,11.8648,0.1500,4.0000,1.0000,20.2280,32.5468,38055.164844,1881.314799,38055.164844,1881.314799,2508.419731,2508.419731,"LINESTRING (-96.750904 43.514593, -96.731241 43.514593)",9513.791211,-1.000000,1.902758,6.548621,7.500000,8.451379,9.601827,15.449339,5000.000000,8000.000000,60.000000,45.000000,96.540000,72.405000,45.000000,15.170972,15.170972,72.405000,24.410094,24.410094,15.819685,1.083333,15.351,13.204,11.728,10.727,10.081,9.719,9.602,9.719,10.081,10.727,11.728,13.204,
40,73,23,24,7889.8026,7742.6930,0.0000,-1.0000,0.0000,5078.5083,5078.5083,7889.8026,1.5536,2.0000,3.7476,0.1500,4.0000,1.0000,32.0205,51.5210,15779.605245,492.796599,15779.605245,492.796599,657.062132,657.062132,"LINESTRING (-96.751166 43.514820, -96.749462 43.503126)",7889.802622,-1.000000,1.553567,6.723217,7.500000,8.276783,17.055975,27.443063,5078.508301,4062.806641,60.000000,45.000000,96.540000,72.405000,45.000000,24.015393,24.015393,72.405000,38.640767,38.640767,4.996795,1.083333,28.809,24.574,21.526,19.426,18.065,17.302,17.056,17.302,18.065,19.426,21.526,24.574,
40,74,24,13,11085.9326,10964.6040,0.0000,-1.0000,0.0000,5091.2563,5091.2563,11085.9326,2.1774,4.0000,17.4878,0.1500,4.0000,1.0000,13.7239,22.0817,44343.730352,3231.138321,44343.730352,3231.138321,4308.184428,4308.184428,"LINESTRING (-96.749272 43.503419, -96.793448 43.490962)",11085.932588,-1.000000,2.177445,6.411277,7.500000,8.588723,6.145530,9.888159,5091.256348,8146.010156,60.000000,45.000000,96.540000,72.405000,45.000000,10.292904,10.292904,72.405000,16.561283,16.561283,23.317034,1.083333,9.115,8.027,7.267,6.743,6.402,6.208,6.146,6.208,6.402,6.743,7.267,8.027,
40,75,24,21,10158.9518,10248.4170,0.0000,-1.0000,0.0000,4885.3574,4885.3574,10158.9518,2.0795,3.0000,11.4144,0.1500,4.0000,1.0000,15.7696,25.3732,30476.855439,1932.637647,30476.855439,1932.637647,2576.850195,2576.850195,"LINESTRING (-96.749102 43.502919, -96.730880 43.510239)",10158.951813,-1.000000,2.079470,6.460265,7.500000,8.539735,7.189653,11.568151,4885.357422,5862.428906,60.000000,45.000000,96.540000,72.405000,45.000000,11.827174,11.827174,72.405000,19.029923,19.029923,15.219189,1.083333,10.955,9.563,8.598,7.939,7.510,7.268,7.190,7.268,7.510,7.939,8.598,9.563,
40,76,24,23,7791.7479,7704.4810,0.0000,-1.0000,0.0000,5078.5083,5078.5083,7791.7479,1.5343,2.0000,3.6623,0.1500,4.0000,1.0000,32.7661,52.7206,15583.495774,475.598660,15583.495774,475.598660,634.131547,634.131547,"LINESTRING (-96.748938 43.503202, -96.750642 43.514896)",7791.747887,-1.000000,1.534259,6.732870,7.500000,8.267130,17.588909,28.300554,5078.508301,4062.806641,60.000000,45.000000,96.540000,72.405000,45.000000,24.574547,24.574547,72.405000,39.540447,39.540447,4.883101,1.083333,29.692,25.359,22.217,20.045,18.635,17.844,17.589,17.844,18.635,20.045,22.217,25.359,
